Name,Gender,Breed,Age,Animal Type,Weight,Brought to Shelter,Located At,Kennel Location,Qualified For,Scrape Date
CAROLINA (A1180514),Female,English Foxhound,,Dog,62 pounds,2024.12.08,Charlotte-Mecklenburg Animal Services,TOOMEYD21,adopt,2024-12-08
COSMO (A1221785),Male,Pit Bull Terrier,,Dog,46 pounds,2024.12.08,Charlotte-Mecklenburg Animal Services,TOOMEYD12,adopt,2024-12-08
TOKYO (A1225928),Female,Plott Hound mix,,Dog,54 pounds,2024.12.08,Charlotte-Mecklenburg Animal Services,TOOMEYD33,adopt,2024-12-08
TANDY (A1232250),Male,Labrador Retriever mix,,Dog,66 pounds,2024.12.08,Charlotte-Mecklenburg Animal Services,TOOMEYD08,adopt,2024-12-08
REBEL (A1235595),Male,Labrador Retriever mix,,Dog,50 pounds,2024.12.08,Charlotte-Mecklenburg Animal Services,TOOMEYD24,adopt,2024-12-08
COAL (A1236688),Male,Pit Bull Terrier mix,,Dog,42 pounds,2024.12.08,Charlotte-Mecklenburg Animal Services,TOOMEYD22,adopt,2024-12-08
NOODLE (A1236653),Male,Pit Bull Terrier,,Dog,44 pounds,2024.12.08,Charlotte-Mecklenburg Animal Services,TOOMEYD26,adopt,2024-12-08
RHONDA (A1236913),Female,American Bully,,Dog,49 pounds,2024.12.08,Charlotte-Mecklenburg Animal Services,TOOMEYD25,adopt,2024-12-08
NYLA (A5174630),Female,Breed information is not provided by this shelter,,Dog,47 pounds,2024.12.08,Charlotte-Mecklenburg Animal Services,FOSTER,adopt,2024-12-08
HARVEY (A5288499),Male,Labrador Retriever mix,,Dog,63 pounds,2024.12.08,Charlotte-Mecklenburg Animal Services,TOOMEYD09,adopt,2024-12-08
ACORN (A1237357),Male,Rat Terrier,,Dog,16 pounds,2024.12.07,Charlotte-Mecklenburg Animal Services,DOG INTAKE,adopt,2024-12-08
BELLA (A5102656),Female,Pit Bull Terrier mix,,Dog,42 pounds,2024.12.07,Charlotte-Mecklenburg Animal Services,LST 03L,adopt,2024-12-08
CLAY (A1235790),Male,Pit Bull Terrier,,Dog,55 pounds,2024.12.07,Charlotte-Mecklenburg Animal Services,FOSTER,adopt,2024-12-08
REBA (A1233385),Female,American Bully and French Bulldog,,Dog,39 pounds,2024.12.07,Charlotte-Mecklenburg Animal Services,FOSTER,adopt,2024-12-08
DALLAS (A1233512),Male,American Staffordshire Terrier,,Dog,41 pounds,2024.12.07,Charlotte-Mecklenburg Animal Services,ADOPT 03R,adopt,2024-12-08
BRUNO (A1232009),Male,American Bulldog,,Dog,55 pounds,2024.12.06,Charlotte-Mecklenburg Animal Services,FOSTER,adopt,2024-12-08
DAWSON (A1235744),Male,Breed information is not provided by this shelter,,Dog,40 pounds,2024.12.06,Charlotte-Mecklenburg Animal Services,FOSTER,adopt,2024-12-08
WES (A1228042),Male,Pit Bull Terrier,,Dog,63 pounds,2024.12.06,Charlotte-Mecklenburg Animal Services,FOSTER,adopt,2024-12-08
LOUIE (A1229199),Male,Pit Bull Terrier mix,,Dog,50 pounds,2024.12.06,Charlotte-Mecklenburg Animal Services,ADOPT 13R,adopt,2024-12-08
APOLLO (A1224669),Male,Labrador Retriever mix,,Dog,65 pounds,2024.12.06,Charlotte-Mecklenburg Animal Services,FOSTER,adopt,2024-12-08
FINN (A1236754),Male,Soft-Coated Wheaten Terrier mix,,Dog,34 pounds,2024.12.06,Charlotte-Mecklenburg Animal Services,FOSTER,adopt,2024-12-08
JAKE (A1236755),Male,Chihuahua - Smooth Coated mix,,Dog,25 pounds,2024.12.06,Charlotte-Mecklenburg Animal Services,FOSTER,adopt,2024-12-08
A1237101,Male,Pit Bull Terrier,,Dog,28 pounds,2024.12.06,Charlotte-Mecklenburg Animal Services,ADPTPUP8R,adopt,2024-12-08
FLETCH (A1236035),Male,Labrador Retriever,,Dog,90 pounds,2024.12.06,Charlotte-Mecklenburg Animal Services,FOSTER,adopt,2024-12-08
HUEY (A1237025),Male,Breed information is not provided by this shelter,,Dog,87 pounds,2024.12.05,Charlotte-Mecklenburg Animal Services,ADOPT 07L,adopt,2024-12-08
CHRISTIAN (A1237161),Male,Pit Bull Terrier,,Dog,46 pounds,2024.12.05,Charlotte-Mecklenburg Animal Services,ADPTPUP6L,adopt,2024-12-08
CHUCHE (A1236783),Female,Pit Bull Terrier mix,,Dog,20 pounds,2024.12.05,Charlotte-Mecklenburg Animal Services,FOSTER,adopt,2024-12-08
FAWN (A1221109),Female,Australian Shepherd mix,,Dog,24 pounds,2024.12.05,Charlotte-Mecklenburg Animal Services,ADOPT 03L,adopt,2024-12-08
ROLLO (A1231872),Male,Labrador Retriever mix,,Dog,30 pounds,2024.12.05,Charlotte-Mecklenburg Animal Services,FOSTER,adopt,2024-12-08
COOKIE (A1232487),Female,Pit Bull Terrier,,Dog,31 pounds,2024.12.05,Charlotte-Mecklenburg Animal Services,FOSTER,adopt,2024-12-08
DUNCAN (A1233292),Male,Labrador Retriever,,Dog,33 pounds,2024.12.04,Charlotte-Mecklenburg Animal Services,FOSTER,adopt,2024-12-08
HENRY (A1235841),Male,Breed information is not provided by this shelter,,Dog,68 pounds,2024.12.04,Charlotte-Mecklenburg Animal Services,TOOMEYD18,adopt,2024-12-08
RAZZY (A1235310),Female,Pit Bull Terrier,,Dog,38 pounds,2024.12.04,Charlotte-Mecklenburg Animal Services,LST 11L,adopt,2024-12-08
ELSIE (A1234451),Female,Pit Bull Terrier,,Dog,43 pounds,2024.12.04,Charlotte-Mecklenburg Animal Services,LST 07R,adopt,2024-12-08
FAIRFIELD (A1234882),Male,Pit Bull Terrier,,Dog,55 pounds,2024.12.04,Charlotte-Mecklenburg Animal Services,FOSTER,adopt,2024-12-08
PANTHER (A1229288),Male,Pit Bull Terrier,,Dog,47 pounds,2024.12.04,Charlotte-Mecklenburg Animal Services,FOSTER,adopt,2024-12-08
DARLA MAE (A1229459),Female,Pit Bull Terrier,,Dog,38 pounds,2024.12.04,Charlotte-Mecklenburg Animal Services,FOSTER,adopt,2024-12-08
A1236954,Female,Pit Bull Terrier,,Dog,39 pounds,2024.12.04,Charlotte-Mecklenburg Animal Services,FOSTER,adopt,2024-12-08
HAZEL (A1236066),Female,Pit Bull Terrier,,Dog,40 pounds,2024.12.04,Charlotte-Mecklenburg Animal Services,FOSTER,adopt,2024-12-08
HUNTER (A1235927),Male,Pit Bull Terrier,,Dog,53 pounds,2024.12.04,Charlotte-Mecklenburg Animal Services,ADOPT 02L,adopt,2024-12-08
A1237237,Male,Pit Bull Terrier mix,,Dog,52 pounds,2024.12.04,Charlotte-Mecklenburg Animal Services,LST 10L,adopt,2024-12-08
A1237238,Male,Pit Bull Terrier,,Dog,52 pounds,2024.12.04,Charlotte-Mecklenburg Animal Services,LST 36L,adopt,2024-12-08
A1237244,Male,Pit Bull Terrier,,Dog,33 pounds,2024.12.04,Charlotte-Mecklenburg Animal Services,ADPTPUP2L,adopt,2024-12-08
A1237250,Female,Siberian Husky,,Dog,52 pounds,2024.12.04,Charlotte-Mecklenburg Animal Services,LST 20L,adopt,2024-12-08
WYATT (A1237255),Male,Cavalier King Charles Spaniel mix,,Dog,14 pounds,2024.12.04,Charlotte-Mecklenburg Animal Services,FOSTER,adopt,2024-12-08
A1237205,Male,Pit Bull Terrier,,Dog,63 pounds,2024.12.03,Charlotte-Mecklenburg Animal Services,LST 02L,adopt,2024-12-08
A1237211,Female,Pit Bull Terrier,,Dog,41 pounds,2024.12.03,Charlotte-Mecklenburg Animal Services,LST 04R,adopt,2024-12-08
A1237221,Male,Pit Bull Terrier,,Dog,41 pounds,2024.12.03,Charlotte-Mecklenburg Animal Services,LST 26R,adopt,2024-12-08
MUSAK (A1237163),Male,Pit Bull Terrier,,Dog,35 pounds,2024.12.02,Charlotte-Mecklenburg Animal Services,FOSTER,adopt,2024-12-08
A1237173,Male,Pit Bull Terrier,,Dog,56 pounds,2024.12.02,Charlotte-Mecklenburg Animal Services,ADPTPUP8L,adopt,2024-12-08
A1237174,Male,English Coonhound (Redtick Coonhound) mix,,Dog,43 pounds,2024.12.02,Charlotte-Mecklenburg Animal Services,ADPTPUP10L,adopt,2024-12-08
CAPTAIN (A1237145),Male,Rottweiler and German Shepherd Dog,,Dog,66 pounds,2024.12.02,Charlotte-Mecklenburg Animal Services,LST 03R,adopt,2024-12-08
ACE (A1237150),Male,Pit Bull Terrier and Boxer,,Dog,40 pounds,2024.12.02,Charlotte-Mecklenburg Animal Services,TOOMEYD23,adopt,2024-12-08
INKY (A1237151),Female,Catahoula Leopard Hound and Australian Cattle Dog,,Dog,33 pounds,2024.12.02,Charlotte-Mecklenburg Animal Services,FOSTER,adopt,2024-12-08
A1237152,Male,American Bully,,Dog,63 pounds,2024.12.02,Charlotte-Mecklenburg Animal Services,LST 08R,adopt,2024-12-08
GRISELDA (A1237154),Female,Pit Bull Terrier,,Dog,41 pounds,2024.12.02,Charlotte-Mecklenburg Animal Services,LST 33R,adopt,2024-12-08
EMMA (A1237155),Female,Pit Bull Terrier,,Dog,40 pounds,2024.12.02,Charlotte-Mecklenburg Animal Services,ADPTPUP3R,adopt,2024-12-08
A1237159,Male,Pit Bull Terrier,,Dog,46 pounds,2024.12.02,Charlotte-Mecklenburg Animal Services,ADPTPUP4L,adopt,2024-12-08
MACIE (A1236358),Female,Pit Bull Terrier mix,,Dog,13 pounds,2024.12.02,Charlotte-Mecklenburg Animal Services,FOSTER,adopt,2024-12-08
KERRY (A1228724),Male,Labrador Retriever mix,,Dog,66 pounds,2024.12.02,Charlotte-Mecklenburg Animal Services,FOSTER,adopt,2024-12-08
ANNIE (A1233509),Female,Pit Bull Terrier,,Dog,42 pounds,2024.12.02,Charlotte-Mecklenburg Animal Services,FOSTER,adopt,2024-12-08
PUMPKIN (A1234522),Male,Labrador Retriever mix,,Dog,49 pounds,2024.12.01,Charlotte-Mecklenburg Animal Services,FOSTER,adopt,2024-12-08
MOOSE (A1234846),Male,Pit Bull Terrier,,Dog,71 pounds,2024.12.01,Charlotte-Mecklenburg Animal Services,FOSTER,adopt,2024-12-08
KIEFER (A1235764),Male,Pit Bull Terrier,,Dog,71 pounds,2024.12.01,Charlotte-Mecklenburg Animal Services,TOOMEYD01,adopt,2024-12-08
CRUISE (A1230729),Male,Pit Bull Terrier,,Dog,67 pounds,2024.12.01,Charlotte-Mecklenburg Animal Services,LST 05R,adopt,2024-12-08
KIRBY (A1215843),Male,Pit Bull Terrier,,Dog,46 pounds,2024.12.01,Charlotte-Mecklenburg Animal Services,TOOMEYD15,adopt,2024-12-08
ZUNI (A1236367),Female,German Shepherd Dog mix,,Dog,61 pounds,2024.12.01,Charlotte-Mecklenburg Animal Services,TOOMEYD20,adopt,2024-12-08
KAE (A1236550),Male,Pit Bull Terrier and Labrador Retriever,,Dog,42 pounds,2024.12.01,Charlotte-Mecklenburg Animal Services,ADPTPUP9L,adopt,2024-12-08
ELVIS (A1236025),Male,Pit Bull Terrier,,Dog,39 pounds,2024.12.01,Charlotte-Mecklenburg Animal Services,FOSTER,adopt,2024-12-08
A1237130,Female,Carolina Dog,,Dog,50 pounds,2024.12.01,Charlotte-Mecklenburg Animal Services,LST 14L,adopt,2024-12-08
CLARK (A1237134),Male,Pit Bull Terrier,,Dog,27 pounds,2024.12.01,Charlotte-Mecklenburg Animal Services,LST 22R,adopt,2024-12-08
ELLIOT (A1236892),Male,Pit Bull Terrier,,Dog,40 pounds,2024.12.01,Charlotte-Mecklenburg Animal Services,TOOMEYD11,adopt,2024-12-08
STAR (A5085033),Female,Labrador Retriever,,Dog,76 pounds,2024.12.01,Charlotte-Mecklenburg Animal Services,FOSTER,adopt,2024-12-08
ROO (A1236908),Female,Breed information is not provided by this shelter,,Dog,7 pounds,2024.11.30,Charlotte-Mecklenburg Animal Services,FOSTER,adopt,2024-12-08
MOCHA (A1236803),Female,Pit Bull Terrier mix,,Dog,43 pounds,2024.11.30,Charlotte-Mecklenburg Animal Services,ADOPT 13L,adopt,2024-12-08
DELILAH (A1236867),Female,Labrador Retriever,,Dog,62 pounds,2024.11.30,Charlotte-Mecklenburg Animal Services,FOSTER,adopt,2024-12-08
A1237094,Female,Pit Bull Terrier mix,,Dog,30 pounds,2024.11.30,Charlotte-Mecklenburg Animal Services,TOOMEYD28,adopt,2024-12-08
A1237099,Male,Pit Bull Terrier,,Dog,58 pounds,2024.11.30,Charlotte-Mecklenburg Animal Services,ADOPT 19R,adopt,2024-12-08
BLANCO (A1229189),Male,German Shepherd Dog mix,,Dog,80 pounds,2024.11.30,Charlotte-Mecklenburg Animal Services,TOOMEYD13,adopt,2024-12-08
LOKI (A1235021),Male,Breed information is not provided by this shelter,,Dog,70 pounds,2024.11.30,Charlotte-Mecklenburg Animal Services,FOSTER,adopt,2024-12-08
MEDUSA (A1233148),Female,Pit Bull Terrier mix,,Dog,47 pounds,2024.11.30,Charlotte-Mecklenburg Animal Services,TOOMEYD31,adopt,2024-12-08
MISS PRECIOUS (A1237081),Female,Labrador Retriever,,Dog,53 pounds,2024.11.29,Charlotte-Mecklenburg Animal Services,ADOPT 14R,adopt,2024-12-08
LORETTA (A1237023),Female,Pit Bull Terrier,,Dog,63 pounds,2024.11.27,Charlotte-Mecklenburg Animal Services,ADOPT 09L,adopt,2024-12-08
SAPPHIRE (A1237039),Female,Pit Bull Terrier,,Dog,47 pounds,2024.11.27,Charlotte-Mecklenburg Animal Services,ADOPT 23L,adopt,2024-12-08
MOOCHI (A1237040),Male,Pit Bull Terrier,,Dog,54 pounds,2024.11.27,Charlotte-Mecklenburg Animal Services,ADOPT 15R,adopt,2024-12-08
LISA (A1237041),Female,Pit Bull Terrier,,Dog,54 pounds,2024.11.27,Charlotte-Mecklenburg Animal Services,ADOPT 18R,adopt,2024-12-08
ALLIE (A1237043),Female,Pit Bull Terrier,,Dog,36 pounds,2024.11.27,Charlotte-Mecklenburg Animal Services,ADOPT 02R,adopt,2024-12-08
ROMEO (A1236067),Male,Pit Bull Terrier,,Dog,45 pounds,2024.11.27,Charlotte-Mecklenburg Animal Services,FOSTER,adopt,2024-12-08
MILO (A5449659),Male,Breed information is not provided by this shelter,,Dog,42 pounds,2024.11.27,Charlotte-Mecklenburg Animal Services,FOSTER,adopt,2024-12-08
RIVER (A1235713),Male,Labrador Retriever mix,,Dog,55 pounds,2024.11.26,Charlotte-Mecklenburg Animal Services,ADOPT 23R,adopt,2024-12-08
SAWYER (A1235351),Male,Breed information is not provided by this shelter,,Dog,75 pounds,2024.11.26,Charlotte-Mecklenburg Animal Services,FOSTER,adopt,2024-12-08
CECELIA (A1234156),Female,Pit Bull Terrier mix,,Dog,54 pounds,2024.11.26,Charlotte-Mecklenburg Animal Services,FOSTER,adopt,2024-12-08
BROCK (A1230828),Male,Pit Bull Terrier,,Dog,62 pounds,2024.11.26,Charlotte-Mecklenburg Animal Services,FOSTER,adopt,2024-12-08
ASPEN (A1229581),Female,Pit Bull Terrier,,Dog,51 pounds,2024.11.26,Charlotte-Mecklenburg Animal Services,FOSTER,adopt,2024-12-08
PRESTON (A1219580),Male,Labrador Retriever and Pit Bull Terrier,,Dog,49 pounds,2024.11.26,Charlotte-Mecklenburg Animal Services,FOSTER,adopt,2024-12-08
ATHENA (A1197186),Female,Pit Bull Terrier,,Dog,56 pounds,2024.11.26,Charlotte-Mecklenburg Animal Services,LST 11R,adopt,2024-12-08
BLOSSOM (A1236131),Female,Siberian Husky,,Dog,40 pounds,2024.11.26,Charlotte-Mecklenburg Animal Services,FOSTER,adopt,2024-12-08
LUNA (A1236346),Female,Pit Bull Terrier,,Dog,50 pounds,2024.11.26,Charlotte-Mecklenburg Animal Services,FOSTER,adopt,2024-12-08
BABY DIESEL (A1236621),Male,Pit Bull Terrier mix,,Dog,40 pounds,2024.11.26,Charlotte-Mecklenburg Animal Services,FOSTER,adopt,2024-12-08
WINNIE (A1236633),Female,Labrador Retriever,,Dog,42 pounds,2024.11.26,Charlotte-Mecklenburg Animal Services,FOSTER,adopt,2024-12-08
WILBUR (A1236981),Male,Pit Bull Terrier,,Dog,64 pounds,2024.11.26,Charlotte-Mecklenburg Animal Services,ADOPT 17R,adopt,2024-12-08
BUCKY (A1236991),Male,Pit Bull Terrier,,Dog,51 pounds,2024.11.26,Charlotte-Mecklenburg Animal Services,ADOPT 06L,adopt,2024-12-08
A1237010,Male,Breed information is not provided by this shelter,,Dog,20 pounds,2024.11.26,Charlotte-Mecklenburg Animal Services,ADOPT 03L,adopt,2024-12-08
DAPHNE (A1237012),Female,Pit Bull Terrier,,Dog,52 pounds,2024.11.26,Charlotte-Mecklenburg Animal Services,ADOPT 08L,adopt,2024-12-08
SAGE (A1237013),Female,Pit Bull Terrier mix,,Dog,23 pounds,2024.11.26,Charlotte-Mecklenburg Animal Services,FOSTER,adopt,2024-12-08
SCARLETT (A1236928),Female,Pit Bull Terrier,,Dog,33 pounds,2024.11.25,Charlotte-Mecklenburg Animal Services,ADOPT 20L,adopt,2024-12-08
APACHE (A1236952),Male,Breed information is not provided by this shelter,,Dog,60 pounds,2024.11.25,Charlotte-Mecklenburg Animal Services,ADOPT 17L,adopt,2024-12-08
A1236953,Male,Chihuahua - Long Haired mix,,Dog,18 pounds,2024.11.25,Charlotte-Mecklenburg Animal Services,FOSTER,adopt,2024-12-08
NORMAN (A1236571),Male,Labrador Retriever,,Dog,60 pounds,2024.11.25,Charlotte-Mecklenburg Animal Services,ADOPT 05R,adopt,2024-12-08
GRETA (A1236603),Female,German Shepherd Dog mix,,Dog,58 pounds,2024.11.25,Charlotte-Mecklenburg Animal Services,FOSTER,adopt,2024-12-08
EWING (A1235080),Male,Labrador Retriever and Pit Bull Terrier,,Dog,63 pounds,2024.11.24,Charlotte-Mecklenburg Animal Services,ADOPT 04L,adopt,2024-12-08
REX (A1235061),Male,Pit Bull Terrier,,Dog,51 pounds,2024.11.24,Charlotte-Mecklenburg Animal Services,TOOMEYD10,adopt,2024-12-08
DOTTIE (A1234910),Female,Breed information is not provided by this shelter and Border Collie,,Dog,39 pounds,2024.11.24,Charlotte-Mecklenburg Animal Services,FOSTER,adopt,2024-12-08
DASH (A1234314),Male,Pit Bull Terrier mix,,Dog,45 pounds,2024.11.24,Charlotte-Mecklenburg Animal Services,TOOMEYD27,adopt,2024-12-08
GOHAN (A1234433),Male,Pit Bull Terrier,,Dog,17 pounds,2024.11.24,Charlotte-Mecklenburg Animal Services,FOSTER,adopt,2024-12-08
HARLEY (A1235361),Female,Pit Bull Terrier,,Dog,35 pounds,2024.11.24,Charlotte-Mecklenburg Animal Services,TOOMEYD18,adopt,2024-12-08
GIZMO (A1235559),Female,American Bulldog mix,,Dog,40 pounds,2024.11.24,Charlotte-Mecklenburg Animal Services,TOOMEYD10,adopt,2024-12-08
DENVER (A1234080),Male,Pit Bull Terrier and Rottweiler,,Dog,60 pounds,2024.11.24,Charlotte-Mecklenburg Animal Services,TOOMEYD19,adopt,2024-12-08
GEODUDE (A1233133),Male,Staffordshire Bull Terrier mix,,Dog,50 pounds,2024.11.24,Charlotte-Mecklenburg Animal Services,TOOMEYD16,adopt,2024-12-08
DEZ (A1203383),Male,Pit Bull Terrier,,Dog,77 pounds,2024.11.24,Charlotte-Mecklenburg Animal Services,TOOMEYD04,adopt,2024-12-08
ROSIE (A1206365),Female,Pit Bull Terrier,,Dog,51 pounds,2024.11.24,Charlotte-Mecklenburg Animal Services,DOGNCARE 1,adopt,2024-12-08
BUDDY (A1175318),Male,Boxer mix,,Dog,62 pounds,2024.11.24,Charlotte-Mecklenburg Animal Services,ADOPT 21R,adopt,2024-12-08
PENNY (A1236254),Female,Breed information is not provided by this shelter,,Dog,37 pounds,2024.11.24,Charlotte-Mecklenburg Animal Services,FOSTER,adopt,2024-12-08
BROOKE (A1236919),Female,Pit Bull Terrier,,Dog,40 pounds,2024.11.24,Charlotte-Mecklenburg Animal Services,ADOPT 11R,adopt,2024-12-08
DARYL (A1236912),Male,Labrador Retriever,,Dog,17 pounds,2024.11.24,Charlotte-Mecklenburg Animal Services,FOSTER,adopt,2024-12-08
SLINKY (A1236896),Female,Pit Bull Terrier,,Dog,32 pounds,2024.11.24,Charlotte-Mecklenburg Animal Services,FOSTER,adopt,2024-12-08
SANDY (A1236905),Female,Pit Bull Terrier,,Dog,45 pounds,2024.11.24,Charlotte-Mecklenburg Animal Services,ADOPT 12R,adopt,2024-12-08
SCOTT (A1236890),Male,Breed information is not provided by this shelter,,Dog,48 pounds,2024.11.24,Charlotte-Mecklenburg Animal Services,ADOPT 01L,adopt,2024-12-08
JANICE (A1236883),Female,Labrador Retriever mix,,Dog,58 pounds,2024.11.23,Charlotte-Mecklenburg Animal Services,ADOPT 08R,adopt,2024-12-08
RILEY (A1097390),Male,Pit Bull Terrier,,Dog,69 pounds,2024.11.23,Charlotte-Mecklenburg Animal Services,ADOPT 22R,adopt,2024-12-08
PRINCE (A1206535),Male,Pit Bull Terrier,,Dog,63 pounds,2024.11.23,Charlotte-Mecklenburg Animal Services,FOSTER,adopt,2024-12-08
CHOP (A1204115),Male,Pit Bull Terrier,,Dog,55 pounds,2024.11.22,Charlotte-Mecklenburg Animal Services,LST 18L,adopt,2024-12-08
ZUMA (A1223632),Male,Australian Shepherd,,Dog,21 pounds,2024.11.22,Charlotte-Mecklenburg Animal Services,FOSTER,adopt,2024-12-08
BOPEEP (A1229446),Female,Pit Bull Terrier,,Dog,48 pounds,2024.11.22,Charlotte-Mecklenburg Animal Services,FOSTER,adopt,2024-12-08
MARINETTE (A1236837),Female,Pit Bull Terrier mix,,Dog,28 pounds,2024.11.22,Charlotte-Mecklenburg Animal Services,FOSTER,adopt,2024-12-08
A1236851,Male,Labrador Retriever and American Staffordshire Terrier,,Dog,44 pounds,2024.11.22,Charlotte-Mecklenburg Animal Services,FOSTER,adopt,2024-12-08
CLEO (A1236861),Female,Pit Bull Terrier,,Dog,53 pounds,2024.11.22,Charlotte-Mecklenburg Animal Services,DOGNCARE 1,adopt,2024-12-08
KANOA (A1236863),Male,Siberian Husky,,Dog,38 pounds,2024.11.22,Charlotte-Mecklenburg Animal Services,FOSTER,adopt,2024-12-08
APOLLO (A1236029),Male,Harrier mix,,Dog,47 pounds,2024.11.22,Charlotte-Mecklenburg Animal Services,FOSTER,adopt,2024-12-08
BUZZ (A1236788),Male,American Pit Bull Terrier,,Dog,54 pounds,2024.11.21,Charlotte-Mecklenburg Animal Services,ADOPT 01R,adopt,2024-12-08
LORAX (A1236791),Male,Pit Bull Terrier,,Dog,65 pounds,2024.11.21,Charlotte-Mecklenburg Animal Services,DOGNCARE 2,adopt,2024-12-08
HECTOR (A1236793),Male,Labrador Retriever mix,,Dog,53 pounds,2024.11.21,Charlotte-Mecklenburg Animal Services,DOGNCARE 1,adopt,2024-12-08
BARBS (A1236797),Female,Pit Bull Terrier,,Dog,35 pounds,2024.11.21,Charlotte-Mecklenburg Animal Services,ADOPT 09R,adopt,2024-12-08
MAUDE (A1236820),Female,Pit Bull Terrier,,Dog,50 pounds,2024.11.21,Charlotte-Mecklenburg Animal Services,DOGNCARE 2,adopt,2024-12-08
HONEY (A1235777),Female,Labrador Retriever,,Dog,37 pounds,2024.11.21,Charlotte-Mecklenburg Animal Services,FOSTER,adopt,2024-12-08
WHISKEY (A1235520),Male,American Pit Bull Terrier,,Dog,46 pounds,2024.11.20,Charlotte-Mecklenburg Animal Services,FOSTER,adopt,2024-12-08
EARL (A1235889),Male,German Shepherd Dog mix,,Dog,73 pounds,2024.11.19,Charlotte-Mecklenburg Animal Services,FOSTER,adopt,2024-12-08
LUNA (A1236696),Female,Labrador Retriever and Pit Bull Terrier,,Dog,27 pounds,2024.11.19,Charlotte-Mecklenburg Animal Services,FOSTER,adopt,2024-12-08
TRENTON (A1236725),Male,Pit Bull Terrier,,Dog,68 pounds,2024.11.19,Charlotte-Mecklenburg Animal Services,DOGNCARE 1,adopt,2024-12-08
BONNY (A1226995),Female,Pit Bull Terrier,,Dog,61 pounds,2024.11.19,Charlotte-Mecklenburg Animal Services,FOSTER,adopt,2024-12-08
KELLY (A1222923),Female,Pit Bull Terrier,,Dog,44 pounds,2024.11.19,Charlotte-Mecklenburg Animal Services,FOSTER,adopt,2024-12-08
KANDY (A1160087),Female,Labrador Retriever mix,,Dog,56 pounds,2024.11.18,Charlotte-Mecklenburg Animal Services,FOSTER,adopt,2024-12-08
LINUS (A1235715),Male,American Bulldog mix,,Dog,52 pounds,2024.11.18,Charlotte-Mecklenburg Animal Services,FOSTER,adopt,2024-12-08
BROM (A1232433),Male,American Pit Bull Terrier,,Dog,47 pounds,2024.11.18,Charlotte-Mecklenburg Animal Services,FOSTER,adopt,2024-12-08
CHARLES (A1236652),Male,Pit Bull Terrier,,Dog,51 pounds,2024.11.18,Charlotte-Mecklenburg Animal Services,ADOPT 22L,adopt,2024-12-08
SOPHIE (A1235985),Female,Pit Bull Terrier mix,,Dog,48 pounds,2024.11.18,Charlotte-Mecklenburg Animal Services,ADOPT 05L,adopt,2024-12-08
BUBBLES (A1236687),Female,Labrador Retriever and Siberian Husky,,Dog,44 pounds,2024.11.18,Charlotte-Mecklenburg Animal Services,FOSTER,adopt,2024-12-08
LOKI (A1236049),Male,Labrador Retriever mix,,Dog,58 pounds,2024.11.17,Charlotte-Mecklenburg Animal Services,TOOMEYD02,adopt,2024-12-08
GONZO (A1236618),Male,Pit Bull Terrier mix,,Dog,55 pounds,2024.11.17,Charlotte-Mecklenburg Animal Services,LST 26L,adopt,2024-12-08
BLUE (A1236636),Female,Pit Bull Terrier,,Dog,37 pounds,2024.11.17,Charlotte-Mecklenburg Animal Services,LST 35L,adopt,2024-12-08
NYLA (A5372781),Female,Breed information is not provided by this shelter mix,,Dog,38 pounds,2024.11.17,Charlotte-Mecklenburg Animal Services,FOSTER,adopt,2024-12-08
HASH BROWN (A1234152),Male,Pit Bull Terrier mix,,Dog,48 pounds,2024.11.17,Charlotte-Mecklenburg Animal Services,FOSTER,adopt,2024-12-08
INDY (A1234818),Male,Pit Bull Terrier,,Dog,57 pounds,2024.11.17,Charlotte-Mecklenburg Animal Services,TOOMEYD17,adopt,2024-12-08
BRUNO (A1162164),Male,Australian Cattle Dog mix,,Dog,60 pounds,2024.11.17,Charlotte-Mecklenburg Animal Services,FOSTER,adopt,2024-12-08
BROCK (A1222722),Male,Bulldog,,Dog,50 pounds,2024.11.17,Charlotte-Mecklenburg Animal Services,TOOMEYD03,adopt,2024-12-08
VIOLET (A1228132),Female,Pit Bull Terrier,,Dog,60 pounds,2024.11.17,Charlotte-Mecklenburg Animal Services,FOSTER,adopt,2024-12-08
A1234940,Male,Australian Cattle Dog mix,,Dog,21 pounds,2024.11.16,Charlotte-Mecklenburg Animal Services,FOSTER,adopt,2024-12-08
DENISE (A1236605),Female,Breed information is not provided by this shelter,,Dog,13 pounds,2024.11.16,Charlotte-Mecklenburg Animal Services,FOSTER,adopt,2024-12-08
CROCKETT (A1236557),Male,Breed information is not provided by this shelter,,Dog,57 pounds,2024.11.15,Charlotte-Mecklenburg Animal Services,FOSTER,adopt,2024-12-08
CHINA BELL (A1234955),Female,Labrador Retriever mix,,Dog,40 pounds,2024.11.15,Charlotte-Mecklenburg Animal Services,FOSTER,adopt,2024-12-08
PORTER (A1235325),Male,Pit Bull Terrier,,Dog,37 pounds,2024.11.15,Charlotte-Mecklenburg Animal Services,FOSTER,adopt,2024-12-08
SCOOBY (A1233870),Male,Black Mouth Cur,,Dog,48 pounds,2024.11.15,Charlotte-Mecklenburg Animal Services,FOSTER,adopt,2024-12-08
TEDDY (A1078526),Male,Labrador Retriever mix,,Dog,49 pounds,2024.11.15,Charlotte-Mecklenburg Animal Services,FOSTER,adopt,2024-12-08
HOPE (A1224937),Female,Pit Bull Terrier,,Dog,52 pounds,2024.11.14,Charlotte-Mecklenburg Animal Services,FOSTER,adopt,2024-12-08
WINNIE (A1236459),Female,Labrador Retriever mix,,Dog,58 pounds,2024.11.14,Charlotte-Mecklenburg Animal Services,DOGNCARE 1,adopt,2024-12-08
GRAHAM (A1236481),Male,German Shepherd Dog mix,,Dog,65 pounds,2024.11.14,Charlotte-Mecklenburg Animal Services,DOGNCARE 2,adopt,2024-12-08
LEONA (A1236482),Female,Labrador Retriever mix,,Dog,57 pounds,2024.11.14,Charlotte-Mecklenburg Animal Services,FOSTER,adopt,2024-12-08
DIAMOND (A1236400),Female,Pit Bull Terrier,,Dog,40 pounds,2024.11.13,Charlotte-Mecklenburg Animal Services,DOGNCARE 2,adopt,2024-12-08
SALEM (A1236413),Male,Pit Bull Terrier,,Dog,40 pounds,2024.11.13,Charlotte-Mecklenburg Animal Services,LST 19L,adopt,2024-12-08
SCOOTER (A1236414),Male,German Shepherd Dog mix,,Dog,63 pounds,2024.11.13,Charlotte-Mecklenburg Animal Services,DOGNCARE 1,adopt,2024-12-08
ROCKY (A1236426),Male,Breed information is not provided by this shelter,,Dog,56 pounds,2024.11.13,Charlotte-Mecklenburg Animal Services,ADOPT 07R,adopt,2024-12-08
JOSIE (A1236287),Female,Pit Bull Terrier,,Dog,31 pounds,2024.11.13,Charlotte-Mecklenburg Animal Services,FOSTER,adopt,2024-12-08
MARS (A5446287),Female,Pit Bull Terrier,,Dog,54 pounds,2024.11.13,Charlotte-Mecklenburg Animal Services,TOOMEYD30,adopt,2024-12-08
MAX (A1232339),Male,German Shepherd Dog mix,,Dog,68 pounds,2024.11.13,Charlotte-Mecklenburg Animal Services,FOSTER,adopt,2024-12-08
WHITLEY (A1236377),Male,Pit Bull Terrier,,Dog,46 pounds,2024.11.12,Charlotte-Mecklenburg Animal Services,ADOPT 16L,adopt,2024-12-08
A1236365,Male,Chihuahua - Smooth Coated,,Dog,11 pounds,2024.11.11,Charlotte-Mecklenburg Animal Services,FOSTER,adopt,2024-12-08
TYBER (A1236347),Male,Pit Bull Terrier,,Dog,51 pounds,2024.11.11,Charlotte-Mecklenburg Animal Services,DOGNCARE 2,adopt,2024-12-08
WALTZ (A1236005),Male,Pit Bull Terrier,,Dog,53 pounds,2024.11.11,Charlotte-Mecklenburg Animal Services,ADOPT 19L,adopt,2024-12-08
BURT (A1232086),Male,American Staffordshire Terrier,,Dog,45 pounds,2024.11.11,Charlotte-Mecklenburg Animal Services,FOSTER,adopt,2024-12-08
SUNNY (A1235381),Female,American Pit Bull Terrier,,Dog,56 pounds,2024.11.11,Charlotte-Mecklenburg Animal Services,FOSTER,adopt,2024-12-08
IRWIN (A1235851),Male,Labrador Retriever,,Dog,46 pounds,2024.11.10,Charlotte-Mecklenburg Animal Services,ADOPT 10R,adopt,2024-12-08
SHYLO (A1235816),Male,Plott Hound,,Dog,58 pounds,2024.11.10,Charlotte-Mecklenburg Animal Services,FOSTER,adopt,2024-12-08
KNIGHTLY (A1234837),Male,Pit Bull Terrier,,Dog,63 pounds,2024.11.10,Charlotte-Mecklenburg Animal Services,FOSTER,adopt,2024-12-08
CAPTAIN (A1232747),Male,Pit Bull Terrier,,Dog,49 pounds,2024.11.10,Charlotte-Mecklenburg Animal Services,ADOPT 12L,adopt,2024-12-08
SONIC (A1236321),Male,Breed information is not provided by this shelter,,Dog,15 pounds,2024.11.10,Charlotte-Mecklenburg Animal Services,FOSTER,adopt,2024-12-08
DINERO (A1236326),Male,American Staffordshire Terrier,,Dog,45 pounds,2024.11.10,Charlotte-Mecklenburg Animal Services,ADOPT 16R,adopt,2024-12-08
HUGH (A1236340),Male,Pit Bull Terrier,,Dog,91 pounds,2024.11.10,Charlotte-Mecklenburg Animal Services,ADOPT 21L,adopt,2024-12-08
PATCHES (A1233721),Male,American Pit Bull Terrier,,Dog,56 pounds,2024.11.09,Charlotte-Mecklenburg Animal Services,FOSTER,adopt,2024-12-08
DURANGO (A1229244),Male,Pit Bull Terrier and Dalmatian,,Dog,65 pounds,2024.11.09,Charlotte-Mecklenburg Animal Services,FOSTER,adopt,2024-12-08
KRYPTO (A1236062),Male,Rottweiler,,Dog,59 pounds,2024.11.07,Charlotte-Mecklenburg Animal Services,FOSTER,adopt,2024-12-08
GRANT (A1236197),Male,German Shepherd Dog,,Dog,63 pounds,2024.11.07,Charlotte-Mecklenburg Animal Services,ADOPT 20R,adopt,2024-12-08
NALA (A5436091),Female,Labrador Retriever,,Dog,58 pounds,2024.11.07,Charlotte-Mecklenburg Animal Services,FOSTER,adopt,2024-12-08
GHOST (A1236177),Male,Pit Bull Terrier,,Dog,62 pounds,2024.11.06,Charlotte-Mecklenburg Animal Services,FOSTER,adopt,2024-12-08
PIXIE (A1236183),Female,Breed information is not provided by this shelter,,Dog,35 pounds,2024.11.06,Charlotte-Mecklenburg Animal Services,FOSTER,adopt,2024-12-08
WILLIS (A1233894),Male,Black Mouth Cur and Carolina Dog,,Dog,50 pounds,2024.11.06,Charlotte-Mecklenburg Animal Services,TOOMEYD14,adopt,2024-12-08
GRACIE (A1233510),Female,American Staffordshire Terrier,,Dog,47 pounds,2024.11.06,Charlotte-Mecklenburg Animal Services,FOSTER,adopt,2024-12-08
DRIZZY (A1224997),Female,Pointer mix,,Dog,37 pounds,2024.11.05,Charlotte-Mecklenburg Animal Services,FOSTER,adopt,2024-12-08
BUDDY (A1236117),Male,Pit Bull Terrier,,Dog,62 pounds,2024.11.05,Charlotte-Mecklenburg Animal Services,ADOPT 06R,adopt,2024-12-08
NOBARA (A1226234),Female,Pit Bull Terrier,,Dog,56 pounds,2024.11.04,Charlotte-Mecklenburg Animal Services,FOSTER,adopt,2024-12-08
MARMALADE (A1235527),Female,Labrador Retriever mix,,Dog,45 pounds,2024.11.04,Charlotte-Mecklenburg Animal Services,FOSTER,adopt,2024-12-08
JACK (A1228682),Male,Pit Bull Terrier mix,,Dog,50 pounds,2024.11.03,Charlotte-Mecklenburg Animal Services,FOSTER,adopt,2024-12-08
JAMES (A1230515),Male,Pit Bull Terrier,,Dog,53 pounds,2024.11.03,Charlotte-Mecklenburg Animal Services,FOSTER,adopt,2024-12-08
KARMA (A1175481),Female,Pit Bull Terrier,,Dog,26 pounds,2024.11.03,Charlotte-Mecklenburg Animal Services,FOSTER,adopt,2024-12-08
MADDOX (A1201523),Male,Pit Bull Terrier,,Dog,37 pounds,2024.11.03,Charlotte-Mecklenburg Animal Services,ADOPT 18L,adopt,2024-12-08
VANILLA (A1190749),Male,Labrador Retriever,,Dog,71 pounds,2024.11.03,Charlotte-Mecklenburg Animal Services,FOSTER,adopt,2024-12-08
GARTH (A1236058),Male,Pit Bull Terrier,,Dog,58 pounds,2024.11.03,Charlotte-Mecklenburg Animal Services,FOSTER,adopt,2024-12-08
MARK (A1236061),Male,Chihuahua - Smooth Coated mix,,Dog,20 pounds,2024.11.03,Charlotte-Mecklenburg Animal Services,FOSTER,adopt,2024-12-08
MIRROR (A1234653),Female,Australian Shepherd,,Dog,47 pounds,2024.11.02,Charlotte-Mecklenburg Animal Services,FOSTER,adopt,2024-12-08
GOOSE (A1235999),Male,Pit Bull Terrier mix,,Dog,47 pounds,2024.11.01,Charlotte-Mecklenburg Animal Services,FOSTER,adopt,2024-12-08
BLUEBERRY (A1235948),Female,Pit Bull Terrier,,Dog,50 pounds,2024.10.31,Charlotte-Mecklenburg Animal Services,ADOPT 15L,adopt,2024-12-08
CARDI (A1235962),Male,Staffordshire Bull Terrier,,Dog,65 pounds,2024.10.31,Charlotte-Mecklenburg Animal Services,ADOPT 11L,adopt,2024-12-08
TULIP (A1235149),Female,Pit Bull Terrier,,Dog,38 pounds,2024.10.31,Charlotte-Mecklenburg Animal Services,FOSTER,adopt,2024-12-08
GAVIN (A1230786),Male,Pit Bull Terrier mix,,Dog,69 pounds,2024.10.29,Charlotte-Mecklenburg Animal Services,FOSTER,adopt,2024-12-08
AMITY (A1235076),Female,Siberian Husky mix,,Dog,45 pounds,2024.10.28,Charlotte-Mecklenburg Animal Services,FOSTER,adopt,2024-12-08
BENSON (A1235813),Male,Pit Bull Terrier,,Dog,60 pounds,2024.10.27,Charlotte-Mecklenburg Animal Services,FOSTER,adopt,2024-12-08
MILO (A1235364),Male,Labrador Retriever,,Dog,67 pounds,2024.10.27,Charlotte-Mecklenburg Animal Services,FOSTER,adopt,2024-12-08
KAINE (A1228289),Male,Pit Bull Terrier mix,,Dog,47 pounds,2024.10.26,Charlotte-Mecklenburg Animal Services,FOSTER,adopt,2024-12-08
PRINCESS (A1113586),Female,Breed information is not provided by this shelter,,Dog,53 pounds,2024.10.26,Charlotte-Mecklenburg Animal Services,FOSTER,adopt,2024-12-08
CHERRY (A5205917),Female,Pit Bull Terrier,,Dog,50 pounds,2024.10.26,Charlotte-Mecklenburg Animal Services,TOOMEYD32,adopt,2024-12-08
GRACIE (A1164402),Female,Pit Bull Terrier,,Dog,64 pounds,2024.10.25,Charlotte-Mecklenburg Animal Services,FOSTER,adopt,2024-12-08
STORM (A1192144),Female,Pit Bull Terrier,,Dog,63 pounds,2024.10.24,Charlotte-Mecklenburg Animal Services,FOSTER,adopt,2024-12-08
GILLIGAN (A1235626),Male,Labrador Retriever mix,,Dog,45 pounds,2024.10.24,Charlotte-Mecklenburg Animal Services,ADOPT 10L,adopt,2024-12-08
DUSTY (A1235669),Male,Labrador Retriever,,Dog,36 pounds,2024.10.24,Charlotte-Mecklenburg Animal Services,FOSTER,adopt,2024-12-08
EMILY (A1235598),Female,Pit Bull Terrier,,Dog,51 pounds,2024.10.23,Charlotte-Mecklenburg Animal Services,TOOMEYD29,adopt,2024-12-08
SWEETIE (A1235534),Female,Breed information is not provided by this shelter mix,,Dog,58 pounds,2024.10.23,Charlotte-Mecklenburg Animal Services,FOSTER,adopt,2024-12-08
BLUE (A5106714),Male,Pit Bull Terrier,,Dog,50 pounds,2024.10.23,Charlotte-Mecklenburg Animal Services,FOSTER,adopt,2024-12-08
A1235458,Male,Siberian Husky mix,,Dog,51 pounds,2024.10.22,Charlotte-Mecklenburg Animal Services,FOSTER,adopt,2024-12-08
DONUT (A1232163),Female,Boxer mix,,Dog,50 pounds,2024.10.21,Charlotte-Mecklenburg Animal Services,FOSTER,adopt,2024-12-08
TOBY (A1235402),Male,Breed information is not provided by this shelter,,Dog,13 pounds,2024.10.20,Charlotte-Mecklenburg Animal Services,FOSTER,adopt,2024-12-08
FRACK (A1231360),Male,Breed information is not provided by this shelter,,Dog,56 pounds,2024.10.18,Charlotte-Mecklenburg Animal Services,FOSTER,adopt,2024-12-08
CLYDE (A1235302),Male,Border Collie mix,,Dog,47 pounds,2024.10.18,Charlotte-Mecklenburg Animal Services,FOSTER,adopt,2024-12-08
MILO (A1234534),Male,Pit Bull Terrier and Weimaraner,,Dog,40 pounds,2024.10.17,Charlotte-Mecklenburg Animal Services,TOOMEYD14,adopt,2024-12-08
ONYX (A1234896),Male,Pit Bull Terrier mix,,Dog,21 pounds,2024.10.17,Charlotte-Mecklenburg Animal Services,FOSTER,adopt,2024-12-08
BLUE (A1234795),Female,Pit Bull Terrier,,Dog,40 pounds,2024.10.17,Charlotte-Mecklenburg Animal Services,FOSTER,adopt,2024-12-08
LILLITH (A1231145),Female,Pit Bull Terrier,,Dog,28 pounds,2024.10.17,Charlotte-Mecklenburg Animal Services,FOSTER,adopt,2024-12-08
GULLIVER (A1235187),Male,Pit Bull Terrier mix,,Dog,50 pounds,2024.10.16,Charlotte-Mecklenburg Animal Services,FOSTER,adopt,2024-12-08
KODA (A1233551),Male,Boxer,,Dog,50 pounds,2024.10.15,Charlotte-Mecklenburg Animal Services,FOSTER,adopt,2024-12-08
WILMA (A1235082),Female,German Shepherd Dog mix,,Dog,32 pounds,2024.10.14,Charlotte-Mecklenburg Animal Services,FOSTER,adopt,2024-12-08
JANIE (A1230010),Female,Pit Bull Terrier mix,,Dog,53 pounds,2024.10.13,Charlotte-Mecklenburg Animal Services,FOSTER,adopt,2024-12-08
KALI (A1093898),Female,Siberian Husky and Labrador Retriever,,Dog,59 pounds,2024.10.13,Charlotte-Mecklenburg Animal Services,FOSTER,adopt,2024-12-08
BIGGIE (A1231106),Male,Poodle - Standard,,Dog,53 pounds,2024.10.11,Charlotte-Mecklenburg Animal Services,FOSTER,adopt,2024-12-08
BENTLY (A1234957),Male,Breed information is not provided by this shelter,,Dog,74 pounds,2024.10.11,Charlotte-Mecklenburg Animal Services,FOSTER,adopt,2024-12-08
ANGEL (A1233359),Female,Pit Bull Terrier,,Dog,29 pounds,2024.10.10,Charlotte-Mecklenburg Animal Services,FOSTER,adopt,2024-12-08
SPYRO (A1234834),Male,Pit Bull Terrier,,Dog,60 pounds,2024.10.08,Charlotte-Mecklenburg Animal Services,ADOPT 14L,adopt,2024-12-08
TUCKER (A1234496),Male,Pit Bull Terrier,,Dog,42 pounds,2024.10.08,Charlotte-Mecklenburg Animal Services,FOSTER,adopt,2024-12-08
SNUBBULL (A1232901),Male,Pit Bull Terrier,,Dog,62 pounds,2024.10.07,Charlotte-Mecklenburg Animal Services,FOSTER,adopt,2024-12-08
GEORGE (A1233800),Male,Labrador Retriever,,Dog,66 pounds,2024.10.07,Charlotte-Mecklenburg Animal Services,FOSTER,adopt,2024-12-08
RUBI (A1234244),Female,Labrador Retriever,,Dog,34 pounds,2024.10.06,Charlotte-Mecklenburg Animal Services,FOSTER,adopt,2024-12-08
HURLEY (A1227451),Male,German Shepherd Dog mix,,Dog,48 pounds,2024.10.05,Charlotte-Mecklenburg Animal Services,FOSTER,adopt,2024-12-08
DIAMOND (A1048746),Female,Pit Bull Terrier,,Dog,60 pounds,2024.10.04,Charlotte-Mecklenburg Animal Services,FOSTER,adopt,2024-12-08
SNICKERS (A1234671),Male,German Shepherd Dog,,Dog,65 pounds,2024.10.04,Charlotte-Mecklenburg Animal Services,FOSTER,adopt,2024-12-08
SIMON (A1233885),Male,Pit Bull Terrier mix,,Dog,57 pounds,2024.10.03,Charlotte-Mecklenburg Animal Services,FOSTER,adopt,2024-12-08
CARTER (A1232323),Male,Australian Cattle Dog mix,,Dog,50 pounds,2024.10.03,Charlotte-Mecklenburg Animal Services,FOSTER,adopt,2024-12-08
SIMONE (A1231499),Female,Pit Bull Terrier,,Dog,45 pounds,2024.10.01,Charlotte-Mecklenburg Animal Services,FOSTER,adopt,2024-12-08
BRIE (A1234232),Female,Australian Cattle Dog mix,,Dog,45 pounds,2024.10.01,Charlotte-Mecklenburg Animal Services,FOSTER,adopt,2024-12-08
SOX (A1234444),Female,Pit Bull Terrier,,Dog,53 pounds,2024.09.30,Charlotte-Mecklenburg Animal Services,FOSTER,adopt,2024-12-08
MARLEY (A1234329),Female,Labrador Retriever,,Dog,55 pounds,2024.09.26,Charlotte-Mecklenburg Animal Services,FOSTER,adopt,2024-12-08
HAL (A1231978),Male,Border Collie and Siberian Husky,,Dog,51 pounds,2024.09.25,Charlotte-Mecklenburg Animal Services,FOSTER,adopt,2024-12-08
LOLITA (A1130071),Female,Border Collie mix,,Dog,38 pounds,2024.09.24,Charlotte-Mecklenburg Animal Services,FOSTER,adopt,2024-12-08
LEON (A1231837),Male,Boxer mix,,Dog,49 pounds,2024.09.22,Charlotte-Mecklenburg Animal Services,FOSTER,adopt,2024-12-08
HARPER (A1232750),Female,Pit Bull Terrier,,Dog,44 pounds,2024.09.21,Charlotte-Mecklenburg Animal Services,FOSTER,adopt,2024-12-08
MILLIE (A1229596),Female,Pit Bull Terrier mix,,Dog,40 pounds,2024.09.20,Charlotte-Mecklenburg Animal Services,FOSTER,adopt,2024-12-08
EUGENE (A1232500),Male,Pit Bull Terrier,,Dog,60 pounds,2024.09.20,Charlotte-Mecklenburg Animal Services,FOSTER,adopt,2024-12-08
SKYE (A1234032),Male,Alaskan Malamute,,Dog,76 pounds,2024.09.19,Charlotte-Mecklenburg Animal Services,FOSTER,adopt,2024-12-08
VIENNA (A1231304),Female,Pit Bull Terrier,,Dog,60 pounds,2024.09.18,Charlotte-Mecklenburg Animal Services,FOSTER,adopt,2024-12-08
ZAP (A1233834),Male,Pit Bull Terrier,,Dog,44 pounds,2024.09.16,Charlotte-Mecklenburg Animal Services,FOSTER,adopt,2024-12-08
LANDON (A1233785),Male,Pit Bull Terrier,,Dog,45 pounds,2024.09.15,Charlotte-Mecklenburg Animal Services,FOSTER,adopt,2024-12-08
LEON (A1232349),Male,Rottweiler mix,,Dog,30 pounds,2024.09.15,Charlotte-Mecklenburg Animal Services,FOSTER,adopt,2024-12-08
TEDDY (A1229979),Male,Pit Bull Terrier,,Dog,62 pounds,2024.09.12,Charlotte-Mecklenburg Animal Services,FOSTER,adopt,2024-12-08
ACE (A1233621),Male,Breed information is not provided by this shelter,,Dog,38 pounds,2024.09.11,Charlotte-Mecklenburg Animal Services,FOSTER,adopt,2024-12-08
AUGGIE (A1231305),Male,Siberian Husky,,Dog,38 pounds,2024.09.08,Charlotte-Mecklenburg Animal Services,FOSTER,adopt,2024-12-08
GERMANY (A1230642),Female,Pit Bull Terrier,,Dog,51 pounds,2024.09.07,Charlotte-Mecklenburg Animal Services,FOSTER,adopt,2024-12-08
EMMETT (A1229456),Male,American Bulldog mix,,Dog,50 pounds,2024.09.06,Charlotte-Mecklenburg Animal Services,FOSTER,adopt,2024-12-08
BRUNO (A1227917),Male,Breed information is not provided by this shelter,,Dog,47 pounds,2024.09.03,Charlotte-Mecklenburg Animal Services,FOSTER,adopt,2024-12-08
ARCHIE (A1231983),Male,Pit Bull Terrier,,Dog,45 pounds,2024.09.03,Charlotte-Mecklenburg Animal Services,FOSTER,adopt,2024-12-08
KOKO (A1232495),Female,Breed information is not provided by this shelter mix,,Dog,27 pounds,2024.09.03,Charlotte-Mecklenburg Animal Services,FOSTER,adopt,2024-12-08
VERA (A1233136),Female,Pit Bull Terrier,,Dog,50 pounds,2024.09.02,Charlotte-Mecklenburg Animal Services,FOSTER,adopt,2024-12-08
GEMMA (A1233145),Female,Pit Bull Terrier mix,,Dog,42 pounds,2024.09.02,Charlotte-Mecklenburg Animal Services,FOSTER,adopt,2024-12-08
COOKIE (A1222982),Female,Pit Bull Terrier,,Dog,59 pounds,2024.09.02,Charlotte-Mecklenburg Animal Services,FOSTER,adopt,2024-12-08
SAPPHIRE (A1230401),Female,Pit Bull Terrier,,Dog,47 pounds,2024.09.01,Charlotte-Mecklenburg Animal Services,FOSTER,adopt,2024-12-08
MICK (A1225412),Male,Labrador Retriever mix,,Dog,56 pounds,2024.08.30,Charlotte-Mecklenburg Animal Services,FOSTER,adopt,2024-12-08
ERNIE (A1232267),Male,Pit Bull Terrier,,Dog,16 pounds,2024.08.29,Charlotte-Mecklenburg Animal Services,FOSTER,adopt,2024-12-08
ATLAN (A1232762),Male,Pit Bull Terrier,,Dog,52 pounds,2024.08.25,Charlotte-Mecklenburg Animal Services,FOSTER,adopt,2024-12-08
PUDDING POP (A1232081),Male,Pit Bull Terrier mix,,Dog,64 pounds,2024.08.25,Charlotte-Mecklenburg Animal Services,FOSTER,adopt,2024-12-08
LAYKA (A1232596),Female,Pit Bull Terrier,,Dog,51 pounds,2024.08.23,Charlotte-Mecklenburg Animal Services,FOSTER,adopt,2024-12-08
INDY (A1207529),Male,American Bulldog and American Staffordshire Terrier,,Dog,51 pounds,2024.08.22,Charlotte-Mecklenburg Animal Services,FOSTER,adopt,2024-12-08
CHEWY (A1078690),Male,Pit Bull Terrier mix,,Dog,84 pounds,2024.08.20,Charlotte-Mecklenburg Animal Services,FOSTER,adopt,2024-12-08
CANELA (A1000619),Female,Pit Bull Terrier mix,,Dog,50 pounds,2024.08.18,Charlotte-Mecklenburg Animal Services,FOSTER,adopt,2024-12-08
ROCKY (A1230852),Male,Pit Bull Terrier mix,,Dog,53 pounds,2024.08.18,Charlotte-Mecklenburg Animal Services,FOSTER,adopt,2024-12-08
LYLA (A1225926),Female,Labrador Retriever,,Dog,32 pounds,2024.08.18,Charlotte-Mecklenburg Animal Services,FOSTER,adopt,2024-12-08
STANLEY (A1221804),Male,Pit Bull Terrier mix,,Dog,50 pounds,2024.08.15,Charlotte-Mecklenburg Animal Services,FOSTER,adopt,2024-12-08
MILKSHAKE (A1232137),Male,Pit Bull Terrier,,Dog,40 pounds,2024.08.14,Charlotte-Mecklenburg Animal Services,FOSTER,adopt,2024-12-08
SALVADOR (A1231854),Male,German Shepherd Dog,,Dog,52 pounds,2024.08.13,Charlotte-Mecklenburg Animal Services,FOSTER,adopt,2024-12-08
A1231930,Male,Labrador Retriever,,Dog,27 pounds,2024.08.10,Charlotte-Mecklenburg Animal Services,FOSTER,adopt,2024-12-08
RAYNE (A1217502),Female,Pit Bull Terrier,,Dog,63 pounds,2024.08.09,Charlotte-Mecklenburg Animal Services,FOSTER,adopt,2024-12-08
ELLA JANE (A1225723),Female,Pit Bull Terrier mix,,Dog,50 pounds,2024.08.06,Charlotte-Mecklenburg Animal Services,FOSTER,adopt,2024-12-08
OSO (A1229867),Male,Pit Bull Terrier,,Dog,69 pounds,2024.08.05,Charlotte-Mecklenburg Animal Services,FOSTER,adopt,2024-12-08
ABRAHAM (A1185782),Male,Black Mouth Cur mix,,Dog,58 pounds,2024.08.05,Charlotte-Mecklenburg Animal Services,FOSTER,adopt,2024-12-08
GARTH (A1230553),Male,Pit Bull Terrier,,Dog,43 pounds,2024.07.29,Charlotte-Mecklenburg Animal Services,FOSTER,adopt,2024-12-08
ORION (A1231159),Male,Pit Bull Terrier,,Dog,55 pounds,2024.07.27,Charlotte-Mecklenburg Animal Services,FOSTER,adopt,2024-12-08
PRINCESS (A1164401),Female,Pit Bull Terrier,,Dog,61 pounds,2024.07.25,Charlotte-Mecklenburg Animal Services,FOSTER,adopt,2024-12-08
DELLA (A1230524),Female,Pit Bull Terrier mix,,Dog,29 pounds,2024.07.24,Charlotte-Mecklenburg Animal Services,FOSTER,adopt,2024-12-08
REGGIE (A1212359),Male,Pit Bull Terrier,,Dog,64 pounds,2024.07.21,Charlotte-Mecklenburg Animal Services,FOSTER,adopt,2024-12-08
ROCCO (A1217947),Male,Pit Bull Terrier mix,,Dog,47 pounds,2024.07.13,Charlotte-Mecklenburg Animal Services,FOSTER,adopt,2024-12-08
CHARLIE (A1178219),Male,Boxer mix,,Dog,50 pounds,2024.07.13,Charlotte-Mecklenburg Animal Services,FOSTER,adopt,2024-12-08
SCOTTIE (A1230237),Male,Boxer,,Dog,54 pounds,2024.07.09,Charlotte-Mecklenburg Animal Services,FOSTER,adopt,2024-12-08
LAILA (A1222988),Female,Border Collie and Pointer,,Dog,43 pounds,2024.07.09,Charlotte-Mecklenburg Animal Services,FOSTER,adopt,2024-12-08
KING (A1228259),Male,Pit Bull Terrier,,Dog,62 pounds,2024.07.03,Charlotte-Mecklenburg Animal Services,FOSTER,adopt,2024-12-08
DAKOTA (A1223522),Male,Pit Bull Terrier,,Dog,57 pounds,2024.06.29,Charlotte-Mecklenburg Animal Services,FOSTER,adopt,2024-12-08
PERSEPHONE (A1206441),Female,Pit Bull Terrier,,Dog,40 pounds,2024.06.25,Charlotte-Mecklenburg Animal Services,FOSTER,adopt,2024-12-08
RAMONA (A1226936),Female,Australian Shepherd mix,,Dog,41 pounds,2024.06.25,Charlotte-Mecklenburg Animal Services,FOSTER,adopt,2024-12-08
ROCKET (A1215856),Male,Boxer and Pit Bull Terrier,,Dog,50 pounds,2024.06.14,Charlotte-Mecklenburg Animal Services,FOSTER,adopt,2024-12-08
TAYA (A1228266),Female,Pit Bull Terrier mix,,Dog,50 pounds,2024.06.03,Charlotte-Mecklenburg Animal Services,FOSTER,adopt,2024-12-08
PATRICK (A1224972),Male,Pit Bull Terrier,,Dog,57 pounds,2024.05.29,Charlotte-Mecklenburg Animal Services,FOSTER,adopt,2024-12-08
FERRIS (A1217384),Male,Labrador Retriever mix,,Dog,63 pounds,2024.05.22,Charlotte-Mecklenburg Animal Services,FOSTER,adopt,2024-12-08
BAILEY (A1212093),Female,Staffordshire Bull Terrier,,Dog,49 pounds,2024.05.17,Charlotte-Mecklenburg Animal Services,FOSTER,adopt,2024-12-08
LOVE (A1200949),Female,Pit Bull Terrier,,Dog,56 pounds,2024.05.17,Charlotte-Mecklenburg Animal Services,FOSTER,adopt,2024-12-08
BRODI (A1159397),Male,Boxer and Staffordshire Bull Terrier,,Dog,55 pounds,2024.05.16,Charlotte-Mecklenburg Animal Services,FOSTER,adopt,2024-12-08
MARLOWE (A1227246),Female,Pit Bull Terrier,,Dog,48 pounds,2024.05.14,Charlotte-Mecklenburg Animal Services,FOSTER,adopt,2024-12-08
EMMA (A1072736),Female,Labrador Retriever,,Dog,67 pounds,2024.05.13,Charlotte-Mecklenburg Animal Services,FOSTER,adopt,2024-12-08
DREIDEL (A1220127),Male,Great Dane and Labrador Retriever,,Dog,76 pounds,2024.05.10,Charlotte-Mecklenburg Animal Services,FOSTER,adopt,2024-12-08
MARTY (A1226897),Male,Vizsla mix,,Dog,53 pounds,2024.05.08,Charlotte-Mecklenburg Animal Services,FOSTER,adopt,2024-12-08
BENNY (A5291214),Male,Bouvier des Flandres mix,,Dog,69 pounds,2024.05.07,Charlotte-Mecklenburg Animal Services,FOSTER,adopt,2024-12-08
WAFFLES (A1211685),Male,Pit Bull Terrier,,Dog,61 pounds,2024.05.05,Charlotte-Mecklenburg Animal Services,FOSTER,adopt,2024-12-08
GENESIS (A1211686),Female,Pit Bull Terrier mix,,Dog,101 pounds,2024.05.05,Charlotte-Mecklenburg Animal Services,FOSTER,adopt,2024-12-08
MAJOR (A1225943),Male,Pit Bull Terrier,,Dog,53 pounds,2024.04.30,Charlotte-Mecklenburg Animal Services,FOSTER,adopt,2024-12-08
MACY (A1187946),Female,Pit Bull Terrier,,Dog,45 pounds,2024.04.27,Charlotte-Mecklenburg Animal Services,FOSTER,adopt,2024-12-08
BELLA (A1225520),Female,Pit Bull Terrier mix,,Dog,48 pounds,2024.04.16,Charlotte-Mecklenburg Animal Services,FOSTER,adopt,2024-12-08
HERBERT (A1222733),Male,Boxer mix,,Dog,51 pounds,2024.04.07,Charlotte-Mecklenburg Animal Services,FOSTER,adopt,2024-12-08
HAZEL (A1213964),Female,Breed information is not provided by this shelter and Black Mouth Cur,,Dog,44 pounds,2024.03.28,Charlotte-Mecklenburg Animal Services,FOSTER,adopt,2024-12-08
JIMMY (A1224502),Male,Breed information is not provided by this shelter,,Dog,35 pounds,2024.03.23,Charlotte-Mecklenburg Animal Services,FOSTER,adopt,2024-12-08
DEWEY (A1224279),Male,Pit Bull Terrier,,Dog,42 pounds,2024.03.11,Charlotte-Mecklenburg Animal Services,FOSTER,adopt,2024-12-08
TOMMY (A1224053),Male,Chow Chow mix,,Dog,59 pounds,2024.03.10,Charlotte-Mecklenburg Animal Services,FOSTER,adopt,2024-12-08
BIRDIE (A1222987),Female,Pit Bull Terrier,,Dog,48 pounds,2024.03.07,Charlotte-Mecklenburg Animal Services,FOSTER,adopt,2024-12-08
STERLING (A1222756),Female,Pit Bull Terrier,,Dog,52 pounds,2024.02.23,Charlotte-Mecklenburg Animal Services,FOSTER,adopt,2024-12-08
GLENDA (A1216814),Female,Pit Bull Terrier,,Dog,59 pounds,2024.02.16,Charlotte-Mecklenburg Animal Services,FOSTER,adopt,2024-12-08
GENNY (A5314025),Female,Breed information is not provided by this shelter,,Dog,49 pounds,2024.02.01,Charlotte-Mecklenburg Animal Services,FOSTER,adopt,2024-12-08
MR. BOJANGLES (A1222215),Male,Pit Bull Terrier mix,,Dog,57 pounds,2024.01.20,Charlotte-Mecklenburg Animal Services,FOSTER,adopt,2024-12-08
RANDY (A1221246),Male,Pit Bull Terrier,,Dog,53 pounds,2024.01.14,Charlotte-Mecklenburg Animal Services,FOSTER,adopt,2024-12-08
POCKY (A1216201),Female,Pit Bull Terrier,,Dog,55 pounds,2023.08.29,Charlotte-Mecklenburg Animal Services,FOSTER,adopt,2024-12-08
BLANCO (A1229189),Male,German Shepherd Dog mix,,Dog,80 pounds,2024.12.09,Charlotte-Mecklenburg Animal Services,TOOMEYD13,adopt,2024-12-09
TANDY (A1232250),Male,Labrador Retriever mix,,Dog,66 pounds,2024.12.09,Charlotte-Mecklenburg Animal Services,ADOPT 23R,adopt,2024-12-09
DENVER (A1234080),Male,Pit Bull Terrier and Rottweiler,,Dog,60 pounds,2024.12.09,Charlotte-Mecklenburg Animal Services,TOOMEYD19,adopt,2024-12-09
HENRY (A1235841),Male,Breed information is not provided by this shelter,,Dog,68 pounds,2024.12.09,Charlotte-Mecklenburg Animal Services,TOOMEYD18,adopt,2024-12-09
BLOSSOM (A1236131),Female,Siberian Husky,,Dog,40 pounds,2024.12.09,Charlotte-Mecklenburg Animal Services,ADOPT 08R,adopt,2024-12-09
A1237250,Female,Siberian Husky,,Dog,52 pounds,2024.12.09,Charlotte-Mecklenburg Animal Services,LST 20R,adopt,2024-12-09
MOCHA (A1236803),Female,Pit Bull Terrier mix,,Dog,43 pounds,2024.12.08,Charlotte-Mecklenburg Animal Services,ADOPT 13L,adopt,2024-12-09
MAUDE (A1236820),Female,Pit Bull Terrier,,Dog,50 pounds,2024.12.08,Charlotte-Mecklenburg Animal Services,DOGNCARE 2,adopt,2024-12-09
COAL (A1236688),Male,Pit Bull Terrier mix,,Dog,42 pounds,2024.12.08,Charlotte-Mecklenburg Animal Services,TOOMEYD22,adopt,2024-12-09
SLINKY (A1236896),Female,Pit Bull Terrier,,Dog,32 pounds,2024.12.08,Charlotte-Mecklenburg Animal Services,LST 16R,adopt,2024-12-09
RHONDA (A1236913),Female,American Bully,,Dog,49 pounds,2024.12.08,Charlotte-Mecklenburg Animal Services,TOOMEYD25,adopt,2024-12-09
DAPHNE (A1237012),Female,Pit Bull Terrier,,Dog,52 pounds,2024.12.08,Charlotte-Mecklenburg Animal Services,DOGNCARE 1,adopt,2024-12-09
LOKI (A1236049),Male,Labrador Retriever mix,,Dog,58 pounds,2024.12.08,Charlotte-Mecklenburg Animal Services,TOOMEYD02,adopt,2024-12-09
CHARLES (A1236652),Male,Pit Bull Terrier,,Dog,51 pounds,2024.12.08,Charlotte-Mecklenburg Animal Services,ADOPT 22L,adopt,2024-12-09
NOODLE (A1236653),Male,Pit Bull Terrier,,Dog,44 pounds,2024.12.08,Charlotte-Mecklenburg Animal Services,TOOMEYD26,adopt,2024-12-09
OSO (A1237386),Male,Siberian Husky,,Dog,99 pounds,2024.12.08,Charlotte-Mecklenburg Animal Services,ADOPT 08L,adopt,2024-12-09
MEGO (A1237391),Male,Siberian Husky,,Dog,66 pounds,2024.12.08,Charlotte-Mecklenburg Animal Services,LST 06R,adopt,2024-12-09
NYLA (A5174630),Female,Breed information is not provided by this shelter,,Dog,47 pounds,2024.12.08,Charlotte-Mecklenburg Animal Services,FOSTER,adopt,2024-12-09
HARVEY (A5288499),Male,Labrador Retriever mix,,Dog,63 pounds,2024.12.08,Charlotte-Mecklenburg Animal Services,TOOMEYD09,adopt,2024-12-09
MARS (A5446287),Female,Pit Bull Terrier,,Dog,54 pounds,2024.12.08,Charlotte-Mecklenburg Animal Services,TOOMEYD30,adopt,2024-12-09
KIEFER (A1235764),Male,Pit Bull Terrier,,Dog,71 pounds,2024.12.08,Charlotte-Mecklenburg Animal Services,TOOMEYD01,adopt,2024-12-09
REBEL (A1235595),Male,Labrador Retriever mix,,Dog,50 pounds,2024.12.08,Charlotte-Mecklenburg Animal Services,TOOMEYD24,adopt,2024-12-09
MOOSE (A1234846),Male,Pit Bull Terrier,,Dog,71 pounds,2024.12.08,Charlotte-Mecklenburg Animal Services,LST 07R,adopt,2024-12-09
LOKI (A1235021),Male,Breed information is not provided by this shelter,,Dog,70 pounds,2024.12.08,Charlotte-Mecklenburg Animal Services,FOSTER,adopt,2024-12-09
WILLIS (A1233894),Male,Black Mouth Cur and Carolina Dog,,Dog,50 pounds,2024.12.08,Charlotte-Mecklenburg Animal Services,TOOMEYD14,adopt,2024-12-09
TOKYO (A1225928),Female,Plott Hound mix,,Dog,54 pounds,2024.12.08,Charlotte-Mecklenburg Animal Services,TOOMEYD33,adopt,2024-12-09
CAROLINA (A1180514),Female,English Foxhound,,Dog,62 pounds,2024.12.08,Charlotte-Mecklenburg Animal Services,TOOMEYD05,adopt,2024-12-09
KIRBY (A1215843),Male,Pit Bull Terrier,,Dog,46 pounds,2024.12.08,Charlotte-Mecklenburg Animal Services,TOOMEYD15,adopt,2024-12-09
COSMO (A1221785),Male,Pit Bull Terrier,,Dog,46 pounds,2024.12.08,Charlotte-Mecklenburg Animal Services,TOOMEYD12,adopt,2024-12-09
GINNY (A1224365),Female,Pit Bull Terrier and Labrador Retriever,,Dog,29 pounds,2024.12.08,Charlotte-Mecklenburg Animal Services,FOSTER,adopt,2024-12-09
REBA (A1233385),Female,American Bully and French Bulldog,,Dog,39 pounds,2024.12.07,Charlotte-Mecklenburg Animal Services,FOSTER,adopt,2024-12-09
DALLAS (A1233512),Male,American Staffordshire Terrier,,Dog,41 pounds,2024.12.07,Charlotte-Mecklenburg Animal Services,ADOPT 03R,adopt,2024-12-09
CLAY (A1235790),Male,Pit Bull Terrier,,Dog,55 pounds,2024.12.07,Charlotte-Mecklenburg Animal Services,FOSTER,adopt,2024-12-09
ACORN (A1237357),Male,Rat Terrier,,Dog,16 pounds,2024.12.07,Charlotte-Mecklenburg Animal Services,DOG INTAKE,adopt,2024-12-09
BELLA (A5102656),Female,Pit Bull Terrier mix,,Dog,42 pounds,2024.12.07,Charlotte-Mecklenburg Animal Services,LST 03L,adopt,2024-12-09
FINN (A1236754),Male,Soft-Coated Wheaten Terrier mix,,Dog,34 pounds,2024.12.06,Charlotte-Mecklenburg Animal Services,FOSTER,adopt,2024-12-09
JAKE (A1236755),Male,Chihuahua - Smooth Coated mix,,Dog,25 pounds,2024.12.06,Charlotte-Mecklenburg Animal Services,FOSTER,adopt,2024-12-09
FLETCH (A1236035),Male,Labrador Retriever,,Dog,90 pounds,2024.12.06,Charlotte-Mecklenburg Animal Services,FOSTER,adopt,2024-12-09
A1237101,Male,Pit Bull Terrier,,Dog,28 pounds,2024.12.06,Charlotte-Mecklenburg Animal Services,ADPTPUP8R,adopt,2024-12-09
DAWSON (A1235744),Male,Breed information is not provided by this shelter,,Dog,40 pounds,2024.12.06,Charlotte-Mecklenburg Animal Services,FOSTER,adopt,2024-12-09
BRUNO (A1232009),Male,American Bulldog,,Dog,55 pounds,2024.12.06,Charlotte-Mecklenburg Animal Services,FOSTER,adopt,2024-12-09
APOLLO (A1224669),Male,Labrador Retriever mix,,Dog,65 pounds,2024.12.06,Charlotte-Mecklenburg Animal Services,FOSTER,adopt,2024-12-09
WES (A1228042),Male,Pit Bull Terrier,,Dog,63 pounds,2024.12.06,Charlotte-Mecklenburg Animal Services,FOSTER,adopt,2024-12-09
FAWN (A1221109),Female,Australian Shepherd mix,,Dog,24 pounds,2024.12.05,Charlotte-Mecklenburg Animal Services,ADOPT 03L,adopt,2024-12-09
ROLLO (A1231872),Male,Labrador Retriever mix,,Dog,30 pounds,2024.12.05,Charlotte-Mecklenburg Animal Services,FOSTER,adopt,2024-12-09
COOKIE (A1232487),Female,Pit Bull Terrier,,Dog,31 pounds,2024.12.05,Charlotte-Mecklenburg Animal Services,FOSTER,adopt,2024-12-09
HUEY (A1237025),Male,Breed information is not provided by this shelter,,Dog,87 pounds,2024.12.05,Charlotte-Mecklenburg Animal Services,TOOMEYD28,adopt,2024-12-09
CHRISTIAN (A1237161),Male,Pit Bull Terrier,,Dog,46 pounds,2024.12.05,Charlotte-Mecklenburg Animal Services,ADPTPUP6L,adopt,2024-12-09
A1237274,Male,Breed information is not provided by this shelter,,Dog,65 pounds,2024.12.05,Charlotte-Mecklenburg Animal Services,LST 10R,adopt,2024-12-09
A1237278,Female,Labrador Retriever,,Dog,23 pounds,2024.12.05,Charlotte-Mecklenburg Animal Services,ADPTPUP7R,adopt,2024-12-09
A1237282,Male,Labrador Retriever and Poodle - Standard,,Dog,31 pounds,2024.12.05,Charlotte-Mecklenburg Animal Services,FOSTER,adopt,2024-12-09
A1237285,Male,Cocker Spaniel mix,,Dog,20 pounds,2024.12.05,Charlotte-Mecklenburg Animal Services,FOSTER,adopt,2024-12-09
CHUCHE (A1236783),Female,Pit Bull Terrier mix,,Dog,20 pounds,2024.12.05,Charlotte-Mecklenburg Animal Services,FOSTER,adopt,2024-12-09
HAZEL (A1236066),Female,Pit Bull Terrier,,Dog,40 pounds,2024.12.04,Charlotte-Mecklenburg Animal Services,FOSTER,adopt,2024-12-09
WYATT (A1237255),Male,Cavalier King Charles Spaniel mix,,Dog,14 pounds,2024.12.04,Charlotte-Mecklenburg Animal Services,FOSTER,adopt,2024-12-09
A1237237,Male,Pit Bull Terrier mix,,Dog,52 pounds,2024.12.04,Charlotte-Mecklenburg Animal Services,LST 10L,adopt,2024-12-09
A1237238,Male,Pit Bull Terrier,,Dog,52 pounds,2024.12.04,Charlotte-Mecklenburg Animal Services,LST 36L,adopt,2024-12-09
A1237244,Male,Pit Bull Terrier,,Dog,33 pounds,2024.12.04,Charlotte-Mecklenburg Animal Services,ADPTPUP2L,adopt,2024-12-09
SARGE (A1237246),Male,Pit Bull Terrier,,Dog,27 pounds,2024.12.04,Charlotte-Mecklenburg Animal Services,LST 23R,adopt,2024-12-09
A1236954,Female,Pit Bull Terrier,,Dog,39 pounds,2024.12.04,Charlotte-Mecklenburg Animal Services,FOSTER,adopt,2024-12-09
DUNCAN (A1233292),Male,Labrador Retriever,,Dog,33 pounds,2024.12.04,Charlotte-Mecklenburg Animal Services,FOSTER,adopt,2024-12-09
HUNTER (A1235927),Male,Pit Bull Terrier,,Dog,53 pounds,2024.12.04,Charlotte-Mecklenburg Animal Services,ADOPT 02L,adopt,2024-12-09
RAZZY (A1235310),Female,Pit Bull Terrier,,Dog,38 pounds,2024.12.04,Charlotte-Mecklenburg Animal Services,LST 11L,adopt,2024-12-09
FAIRFIELD (A1234882),Male,Pit Bull Terrier,,Dog,55 pounds,2024.12.04,Charlotte-Mecklenburg Animal Services,FOSTER,adopt,2024-12-09
ELSIE (A1234451),Female,Pit Bull Terrier,,Dog,43 pounds,2024.12.04,Charlotte-Mecklenburg Animal Services,FOSTER,adopt,2024-12-09
PANTHER (A1229288),Male,Pit Bull Terrier,,Dog,47 pounds,2024.12.04,Charlotte-Mecklenburg Animal Services,FOSTER,adopt,2024-12-09
DARLA MAE (A1229459),Female,Pit Bull Terrier,,Dog,38 pounds,2024.12.04,Charlotte-Mecklenburg Animal Services,FOSTER,adopt,2024-12-09
DYLLON (A1237205),Male,Pit Bull Terrier,,Dog,63 pounds,2024.12.03,Charlotte-Mecklenburg Animal Services,FOSTER,adopt,2024-12-09
A1237211,Female,Pit Bull Terrier,,Dog,41 pounds,2024.12.03,Charlotte-Mecklenburg Animal Services,LST 04R,adopt,2024-12-09
A1237221,Male,Pit Bull Terrier,,Dog,41 pounds,2024.12.03,Charlotte-Mecklenburg Animal Services,LST 26R,adopt,2024-12-09
MUSAK (A1237163),Male,Pit Bull Terrier,,Dog,35 pounds,2024.12.02,Charlotte-Mecklenburg Animal Services,FOSTER,adopt,2024-12-09
A1237173,Male,Pit Bull Terrier,,Dog,56 pounds,2024.12.02,Charlotte-Mecklenburg Animal Services,ADPTPUP8L,adopt,2024-12-09
A1237174,Male,English Coonhound (Redtick Coonhound) mix,,Dog,43 pounds,2024.12.02,Charlotte-Mecklenburg Animal Services,ADPTPUP10L,adopt,2024-12-09
CAPTAIN (A1237145),Male,Rottweiler and German Shepherd Dog,,Dog,66 pounds,2024.12.02,Charlotte-Mecklenburg Animal Services,LST 03R,adopt,2024-12-09
ACE (A1237150),Male,Pit Bull Terrier and Boxer,,Dog,40 pounds,2024.12.02,Charlotte-Mecklenburg Animal Services,TOOMEYD23,adopt,2024-12-09
INKY (A1237151),Female,Catahoula Leopard Hound and Australian Cattle Dog,,Dog,33 pounds,2024.12.02,Charlotte-Mecklenburg Animal Services,FOSTER,adopt,2024-12-09
A1237152,Male,American Bully,,Dog,63 pounds,2024.12.02,Charlotte-Mecklenburg Animal Services,LST 08R,adopt,2024-12-09
GRISELDA (A1237154),Female,Pit Bull Terrier,,Dog,41 pounds,2024.12.02,Charlotte-Mecklenburg Animal Services,ADPTPUP1R,adopt,2024-12-09
EMMA (A1237155),Female,Pit Bull Terrier,,Dog,40 pounds,2024.12.02,Charlotte-Mecklenburg Animal Services,ADPTPUP3R,adopt,2024-12-09
A1237159,Male,Pit Bull Terrier,,Dog,46 pounds,2024.12.02,Charlotte-Mecklenburg Animal Services,ADPTPUP4L,adopt,2024-12-09
KERRY (A1228724),Male,Labrador Retriever mix,,Dog,66 pounds,2024.12.02,Charlotte-Mecklenburg Animal Services,FOSTER,adopt,2024-12-09
ANNIE (A1233509),Female,Pit Bull Terrier,,Dog,42 pounds,2024.12.02,Charlotte-Mecklenburg Animal Services,FOSTER,adopt,2024-12-09
PUMPKIN (A1234522),Male,Labrador Retriever mix,,Dog,49 pounds,2024.12.01,Charlotte-Mecklenburg Animal Services,FOSTER,adopt,2024-12-09
CRUISE (A1230729),Male,Pit Bull Terrier,,Dog,67 pounds,2024.12.01,Charlotte-Mecklenburg Animal Services,LST 05R,adopt,2024-12-09
CLARK (A1237134),Male,Pit Bull Terrier,,Dog,27 pounds,2024.12.01,Charlotte-Mecklenburg Animal Services,LST 22R,adopt,2024-12-09
ELLIOT (A1236892),Male,Pit Bull Terrier,,Dog,40 pounds,2024.12.01,Charlotte-Mecklenburg Animal Services,DOGNCARE 2,adopt,2024-12-09
ELVIS (A1236025),Male,Pit Bull Terrier,,Dog,39 pounds,2024.12.01,Charlotte-Mecklenburg Animal Services,FOSTER,adopt,2024-12-09
ZUNI (A1236367),Female,German Shepherd Dog mix,,Dog,61 pounds,2024.12.01,Charlotte-Mecklenburg Animal Services,TOOMEYD20,adopt,2024-12-09
KAE (A1236550),Male,Pit Bull Terrier and Labrador Retriever,,Dog,42 pounds,2024.12.01,Charlotte-Mecklenburg Animal Services,DOGNCARE 1,adopt,2024-12-09
STAR (A5085033),Female,Labrador Retriever,,Dog,76 pounds,2024.12.01,Charlotte-Mecklenburg Animal Services,FOSTER,adopt,2024-12-09
ROO (A1236908),Female,Breed information is not provided by this shelter,,Dog,7 pounds,2024.11.30,Charlotte-Mecklenburg Animal Services,FOSTER,adopt,2024-12-09
DELILAH (A1236867),Female,Labrador Retriever,,Dog,62 pounds,2024.11.30,Charlotte-Mecklenburg Animal Services,FOSTER,adopt,2024-12-09
A1237099,Male,Pit Bull Terrier,,Dog,58 pounds,2024.11.30,Charlotte-Mecklenburg Animal Services,ADOPT 19R,adopt,2024-12-09
MEDUSA (A1233148),Female,Pit Bull Terrier mix,,Dog,47 pounds,2024.11.30,Charlotte-Mecklenburg Animal Services,TOOMEYD31,adopt,2024-12-09
MISS PRECIOUS (A1237081),Female,Labrador Retriever,,Dog,53 pounds,2024.11.29,Charlotte-Mecklenburg Animal Services,ADOPT 14R,adopt,2024-12-09
SAPPHIRE (A1237039),Female,Pit Bull Terrier,,Dog,47 pounds,2024.11.27,Charlotte-Mecklenburg Animal Services,ADOPT 23L,adopt,2024-12-09
MOOCHI (A1237040),Male,Pit Bull Terrier,,Dog,54 pounds,2024.11.27,Charlotte-Mecklenburg Animal Services,ADOPT 15R,adopt,2024-12-09
LISA (A1237041),Female,Pit Bull Terrier,,Dog,54 pounds,2024.11.27,Charlotte-Mecklenburg Animal Services,FOSTER,adopt,2024-12-09
ALLIE (A1237043),Female,Pit Bull Terrier,,Dog,36 pounds,2024.11.27,Charlotte-Mecklenburg Animal Services,ADOPT 02R,adopt,2024-12-09
LORETTA (A1237023),Female,Pit Bull Terrier,,Dog,63 pounds,2024.11.27,Charlotte-Mecklenburg Animal Services,ADOPT 09L,adopt,2024-12-09
ROMEO (A1236067),Male,Pit Bull Terrier,,Dog,45 pounds,2024.11.27,Charlotte-Mecklenburg Animal Services,FOSTER,adopt,2024-12-09
MILO (A5449659),Male,Breed information is not provided by this shelter,,Dog,42 pounds,2024.11.27,Charlotte-Mecklenburg Animal Services,FOSTER,adopt,2024-12-09
RIVER (A1235713),Male,Labrador Retriever mix,,Dog,55 pounds,2024.11.26,Charlotte-Mecklenburg Animal Services,ADOPT 23R,adopt,2024-12-09
SAWYER (A1235351),Male,Breed information is not provided by this shelter,,Dog,75 pounds,2024.11.26,Charlotte-Mecklenburg Animal Services,FOSTER,adopt,2024-12-09
CECELIA (A1234156),Female,Pit Bull Terrier mix,,Dog,54 pounds,2024.11.26,Charlotte-Mecklenburg Animal Services,FOSTER,adopt,2024-12-09
BROCK (A1230828),Male,Pit Bull Terrier,,Dog,62 pounds,2024.11.26,Charlotte-Mecklenburg Animal Services,FOSTER,adopt,2024-12-09
ASPEN (A1229581),Female,Pit Bull Terrier,,Dog,51 pounds,2024.11.26,Charlotte-Mecklenburg Animal Services,FOSTER,adopt,2024-12-09
PRESTON (A1219580),Male,Labrador Retriever and Pit Bull Terrier,,Dog,49 pounds,2024.11.26,Charlotte-Mecklenburg Animal Services,FOSTER,adopt,2024-12-09
ATHENA (A1197186),Female,Pit Bull Terrier,,Dog,56 pounds,2024.11.26,Charlotte-Mecklenburg Animal Services,ADOPT 18R,adopt,2024-12-09
LUNA (A1236346),Female,Pit Bull Terrier,,Dog,50 pounds,2024.11.26,Charlotte-Mecklenburg Animal Services,FOSTER,adopt,2024-12-09
BABY DIESEL (A1236621),Male,Pit Bull Terrier mix,,Dog,40 pounds,2024.11.26,Charlotte-Mecklenburg Animal Services,FOSTER,adopt,2024-12-09
WINNIE (A1236633),Female,Labrador Retriever,,Dog,42 pounds,2024.11.26,Charlotte-Mecklenburg Animal Services,FOSTER,adopt,2024-12-09
SAGE (A1237013),Female,Pit Bull Terrier mix,,Dog,23 pounds,2024.11.26,Charlotte-Mecklenburg Animal Services,FOSTER,adopt,2024-12-09
ZEUS (A1236976),Male,Pit Bull Terrier,,Dog,41 pounds,2024.11.26,Charlotte-Mecklenburg Animal Services,LST 13L,adopt,2024-12-09
WILBUR (A1236981),Male,Pit Bull Terrier,,Dog,64 pounds,2024.11.26,Charlotte-Mecklenburg Animal Services,ADOPT 17R,adopt,2024-12-09
BUCKY (A1236991),Male,Pit Bull Terrier,,Dog,51 pounds,2024.11.26,Charlotte-Mecklenburg Animal Services,DOGNCARE 2,adopt,2024-12-09
GARY (A1237010),Male,Breed information is not provided by this shelter,,Dog,20 pounds,2024.11.26,Charlotte-Mecklenburg Animal Services,FOSTER,adopt,2024-12-09
SCARLETT (A1236928),Female,Pit Bull Terrier,,Dog,33 pounds,2024.11.25,Charlotte-Mecklenburg Animal Services,ADOPT 20L,adopt,2024-12-09
APACHE (A1236952),Male,Breed information is not provided by this shelter,,Dog,60 pounds,2024.11.25,Charlotte-Mecklenburg Animal Services,ADOPT 17L,adopt,2024-12-09
A1236953,Male,Chihuahua - Long Haired mix,,Dog,18 pounds,2024.11.25,Charlotte-Mecklenburg Animal Services,FOSTER,adopt,2024-12-09
GRETA (A1236603),Female,German Shepherd Dog mix,,Dog,58 pounds,2024.11.25,Charlotte-Mecklenburg Animal Services,FOSTER,adopt,2024-12-09
NORMAN (A1236571),Male,Labrador Retriever,,Dog,60 pounds,2024.11.25,Charlotte-Mecklenburg Animal Services,ADOPT 05R,adopt,2024-12-09
BROOKE (A1236919),Female,Pit Bull Terrier,,Dog,42 pounds,2024.11.24,Charlotte-Mecklenburg Animal Services,ADOPT 11R,adopt,2024-12-09
DARYL (A1236912),Male,Labrador Retriever,,Dog,17 pounds,2024.11.24,Charlotte-Mecklenburg Animal Services,FOSTER,adopt,2024-12-09
SANDY (A1236905),Female,Pit Bull Terrier,,Dog,45 pounds,2024.11.24,Charlotte-Mecklenburg Animal Services,ADOPT 12R,adopt,2024-12-09
SCOTT (A1236890),Male,Breed information is not provided by this shelter,,Dog,41 pounds,2024.11.24,Charlotte-Mecklenburg Animal Services,ADOPT 01L,adopt,2024-12-09
DEZ (A1203383),Male,Pit Bull Terrier,,Dog,77 pounds,2024.11.24,Charlotte-Mecklenburg Animal Services,TOOMEYD04,adopt,2024-12-09
ROSIE (A1206365),Female,Pit Bull Terrier,,Dog,51 pounds,2024.11.24,Charlotte-Mecklenburg Animal Services,DOGNCARE 1,adopt,2024-12-09
BUDDY (A1175318),Male,Boxer mix,,Dog,62 pounds,2024.11.24,Charlotte-Mecklenburg Animal Services,ADOPT 21R,adopt,2024-12-09
GEODUDE (A1233133),Male,Staffordshire Bull Terrier mix,,Dog,50 pounds,2024.11.24,Charlotte-Mecklenburg Animal Services,TOOMEYD16,adopt,2024-12-09
HARLEY (A1235361),Female,Pit Bull Terrier,,Dog,35 pounds,2024.11.24,Charlotte-Mecklenburg Animal Services,TOOMEYD18,adopt,2024-12-09
GIZMO (A1235559),Female,American Bulldog mix,,Dog,40 pounds,2024.11.24,Charlotte-Mecklenburg Animal Services,TOOMEYD10,adopt,2024-12-09
GOHAN (A1234433),Male,Pit Bull Terrier,,Dog,17 pounds,2024.11.24,Charlotte-Mecklenburg Animal Services,FOSTER,adopt,2024-12-09
DASH (A1234314),Male,Pit Bull Terrier mix,,Dog,45 pounds,2024.11.24,Charlotte-Mecklenburg Animal Services,TOOMEYD27,adopt,2024-12-09
DOTTIE (A1234910),Female,Breed information is not provided by this shelter and Border Collie,,Dog,39 pounds,2024.11.24,Charlotte-Mecklenburg Animal Services,FOSTER,adopt,2024-12-09
REX (A1235061),Male,Pit Bull Terrier,,Dog,51 pounds,2024.11.24,Charlotte-Mecklenburg Animal Services,TOOMEYD10,adopt,2024-12-09
EWING (A1235080),Male,Labrador Retriever and Pit Bull Terrier,,Dog,63 pounds,2024.11.24,Charlotte-Mecklenburg Animal Services,ADOPT 04L,adopt,2024-12-09
RILEY (A1097390),Male,Pit Bull Terrier,,Dog,69 pounds,2024.11.23,Charlotte-Mecklenburg Animal Services,ADOPT 22R,adopt,2024-12-09
PRINCE (A1206535),Male,Pit Bull Terrier,,Dog,63 pounds,2024.11.23,Charlotte-Mecklenburg Animal Services,FOSTER,adopt,2024-12-09
JANICE (A1236883),Female,Labrador Retriever mix,,Dog,51 pounds,2024.11.23,Charlotte-Mecklenburg Animal Services,DOGNCARE 2,adopt,2024-12-09
MARINETTE (A1236837),Female,Pit Bull Terrier mix,,Dog,28 pounds,2024.11.22,Charlotte-Mecklenburg Animal Services,FOSTER,adopt,2024-12-09
A1236851,Male,Labrador Retriever and American Staffordshire Terrier,,Dog,44 pounds,2024.11.22,Charlotte-Mecklenburg Animal Services,FOSTER,adopt,2024-12-09
CLEO (A1236861),Female,Pit Bull Terrier,,Dog,53 pounds,2024.11.22,Charlotte-Mecklenburg Animal Services,DOGNCARE 1,adopt,2024-12-09
KANOA (A1236863),Male,Siberian Husky,,Dog,38 pounds,2024.11.22,Charlotte-Mecklenburg Animal Services,FOSTER,adopt,2024-12-09
APOLLO (A1236029),Male,Harrier mix,,Dog,47 pounds,2024.11.22,Charlotte-Mecklenburg Animal Services,FOSTER,adopt,2024-12-09
CHOP (A1204115),Male,Pit Bull Terrier,,Dog,55 pounds,2024.11.22,Charlotte-Mecklenburg Animal Services,ADOPT 04R,adopt,2024-12-09
ZUMA (A1223632),Male,Australian Shepherd,,Dog,21 pounds,2024.11.22,Charlotte-Mecklenburg Animal Services,FOSTER,adopt,2024-12-09
BOPEEP (A1229446),Female,Pit Bull Terrier,,Dog,48 pounds,2024.11.22,Charlotte-Mecklenburg Animal Services,FOSTER,adopt,2024-12-09
HONEY (A1235777),Female,Labrador Retriever,,Dog,37 pounds,2024.11.21,Charlotte-Mecklenburg Animal Services,FOSTER,adopt,2024-12-09
BUZZ (A1236788),Male,American Pit Bull Terrier,,Dog,54 pounds,2024.11.21,Charlotte-Mecklenburg Animal Services,ADOPT 01R,adopt,2024-12-09
LORAX (A1236791),Male,Pit Bull Terrier,,Dog,65 pounds,2024.11.21,Charlotte-Mecklenburg Animal Services,DOGNCARE 2,adopt,2024-12-09
HECTOR (A1236793),Male,Labrador Retriever mix,,Dog,53 pounds,2024.11.21,Charlotte-Mecklenburg Animal Services,DOGNCARE 1,adopt,2024-12-09
BARBS (A1236797),Female,Pit Bull Terrier,,Dog,35 pounds,2024.11.21,Charlotte-Mecklenburg Animal Services,ADOPT 09R,adopt,2024-12-09
WHISKEY (A1235520),Male,American Pit Bull Terrier,,Dog,46 pounds,2024.11.20,Charlotte-Mecklenburg Animal Services,FOSTER,adopt,2024-12-09
BONNY (A1226995),Female,Pit Bull Terrier,,Dog,61 pounds,2024.11.19,Charlotte-Mecklenburg Animal Services,FOSTER,adopt,2024-12-09
KELLY (A1222923),Female,Pit Bull Terrier,,Dog,44 pounds,2024.11.19,Charlotte-Mecklenburg Animal Services,FOSTER,adopt,2024-12-09
LUNA (A1236696),Female,Labrador Retriever and Pit Bull Terrier,,Dog,27 pounds,2024.11.19,Charlotte-Mecklenburg Animal Services,FOSTER,adopt,2024-12-09
TRENTON (A1236725),Male,Pit Bull Terrier,,Dog,68 pounds,2024.11.19,Charlotte-Mecklenburg Animal Services,DOGNCARE 1,adopt,2024-12-09
EARL (A1235889),Male,German Shepherd Dog mix,,Dog,73 pounds,2024.11.19,Charlotte-Mecklenburg Animal Services,FOSTER,adopt,2024-12-09
SOPHIE (A1235985),Female,Pit Bull Terrier mix,,Dog,48 pounds,2024.11.18,Charlotte-Mecklenburg Animal Services,ADOPT 05L,adopt,2024-12-09
BUBBLES (A1236687),Female,Labrador Retriever and Siberian Husky,,Dog,44 pounds,2024.11.18,Charlotte-Mecklenburg Animal Services,FOSTER,adopt,2024-12-09
KANDY (A1160087),Female,Labrador Retriever mix,,Dog,56 pounds,2024.11.18,Charlotte-Mecklenburg Animal Services,FOSTER,adopt,2024-12-09
LINUS (A1235715),Male,American Bulldog mix,,Dog,52 pounds,2024.11.18,Charlotte-Mecklenburg Animal Services,FOSTER,adopt,2024-12-09
BROM (A1232433),Male,American Pit Bull Terrier,,Dog,47 pounds,2024.11.18,Charlotte-Mecklenburg Animal Services,FOSTER,adopt,2024-12-09
HASH BROWN (A1234152),Male,Pit Bull Terrier mix,,Dog,48 pounds,2024.11.17,Charlotte-Mecklenburg Animal Services,FOSTER,adopt,2024-12-09
INDY (A1234818),Male,Pit Bull Terrier,,Dog,57 pounds,2024.11.17,Charlotte-Mecklenburg Animal Services,TOOMEYD17,adopt,2024-12-09
BRUNO (A1162164),Male,Australian Cattle Dog mix,,Dog,60 pounds,2024.11.17,Charlotte-Mecklenburg Animal Services,FOSTER,adopt,2024-12-09
BROCK (A1222722),Male,Bulldog,,Dog,50 pounds,2024.11.17,Charlotte-Mecklenburg Animal Services,TOOMEYD03,adopt,2024-12-09
VIOLET (A1228132),Female,Pit Bull Terrier,,Dog,60 pounds,2024.11.17,Charlotte-Mecklenburg Animal Services,FOSTER,adopt,2024-12-09
BLUE (A1236636),Female,Pit Bull Terrier,,Dog,37 pounds,2024.11.17,Charlotte-Mecklenburg Animal Services,DOGNCARE 2,adopt,2024-12-09
GONZO (A1236618),Male,Pit Bull Terrier mix,,Dog,55 pounds,2024.11.17,Charlotte-Mecklenburg Animal Services,LST 26L,adopt,2024-12-09
NYLA (A5372781),Female,Breed information is not provided by this shelter mix,,Dog,38 pounds,2024.11.17,Charlotte-Mecklenburg Animal Services,FOSTER,adopt,2024-12-09
DENISE (A1236605),Female,Breed information is not provided by this shelter,,Dog,13 pounds,2024.11.16,Charlotte-Mecklenburg Animal Services,FOSTER,adopt,2024-12-09
A1234940,Male,Australian Cattle Dog mix,,Dog,21 pounds,2024.11.16,Charlotte-Mecklenburg Animal Services,FOSTER,adopt,2024-12-09
CHINA BELL (A1234955),Female,Labrador Retriever mix,,Dog,40 pounds,2024.11.15,Charlotte-Mecklenburg Animal Services,FOSTER,adopt,2024-12-09
PORTER (A1235325),Male,Pit Bull Terrier,,Dog,37 pounds,2024.11.15,Charlotte-Mecklenburg Animal Services,FOSTER,adopt,2024-12-09
SCOOBY (A1233870),Male,Black Mouth Cur,,Dog,48 pounds,2024.11.15,Charlotte-Mecklenburg Animal Services,FOSTER,adopt,2024-12-09
TEDDY (A1078526),Male,Labrador Retriever mix,,Dog,49 pounds,2024.11.15,Charlotte-Mecklenburg Animal Services,FOSTER,adopt,2024-12-09
CROCKETT (A1236557),Male,Breed information is not provided by this shelter,,Dog,57 pounds,2024.11.15,Charlotte-Mecklenburg Animal Services,FOSTER,adopt,2024-12-09
WINNIE (A1236459),Female,Labrador Retriever mix,,Dog,58 pounds,2024.11.14,Charlotte-Mecklenburg Animal Services,DOGNCARE 1,adopt,2024-12-09
GRAHAM (A1236481),Male,German Shepherd Dog mix,,Dog,65 pounds,2024.11.14,Charlotte-Mecklenburg Animal Services,DOGNCARE 2,adopt,2024-12-09
HOPE (A1224937),Female,Pit Bull Terrier,,Dog,52 pounds,2024.11.14,Charlotte-Mecklenburg Animal Services,FOSTER,adopt,2024-12-09
MAX (A1232339),Male,German Shepherd Dog mix,,Dog,68 pounds,2024.11.13,Charlotte-Mecklenburg Animal Services,FOSTER,adopt,2024-12-09
DIAMOND (A1236400),Female,Pit Bull Terrier,,Dog,40 pounds,2024.11.13,Charlotte-Mecklenburg Animal Services,DOGNCARE 2,adopt,2024-12-09
SALEM (A1236413),Male,Pit Bull Terrier,,Dog,40 pounds,2024.11.13,Charlotte-Mecklenburg Animal Services,ADOPT 03L,adopt,2024-12-09
SCOOTER (A1236414),Male,German Shepherd Dog mix,,Dog,63 pounds,2024.11.13,Charlotte-Mecklenburg Animal Services,DOGNCARE 1,adopt,2024-12-09
ROCKY (A1236426),Male,Breed information is not provided by this shelter,,Dog,56 pounds,2024.11.13,Charlotte-Mecklenburg Animal Services,ADOPT 07R,adopt,2024-12-09
JOSIE (A1236287),Female,Pit Bull Terrier,,Dog,31 pounds,2024.11.13,Charlotte-Mecklenburg Animal Services,FOSTER,adopt,2024-12-09
WHITLEY (A1236377),Male,Pit Bull Terrier,,Dog,46 pounds,2024.11.12,Charlotte-Mecklenburg Animal Services,ADOPT 16L,adopt,2024-12-09
TYBER (A1236347),Male,Pit Bull Terrier,,Dog,51 pounds,2024.11.11,Charlotte-Mecklenburg Animal Services,DOGNCARE 2,adopt,2024-12-09
A1236365,Male,Chihuahua - Smooth Coated,,Dog,11 pounds,2024.11.11,Charlotte-Mecklenburg Animal Services,FOSTER,adopt,2024-12-09
WALTZ (A1236005),Male,Pit Bull Terrier,,Dog,53 pounds,2024.11.11,Charlotte-Mecklenburg Animal Services,ADOPT 19L,adopt,2024-12-09
BURT (A1232086),Male,American Staffordshire Terrier,,Dog,45 pounds,2024.11.11,Charlotte-Mecklenburg Animal Services,FOSTER,adopt,2024-12-09
SUNNY (A1235381),Female,American Pit Bull Terrier,,Dog,56 pounds,2024.11.11,Charlotte-Mecklenburg Animal Services,FOSTER,adopt,2024-12-09
IRWIN (A1235851),Male,Labrador Retriever,,Dog,46 pounds,2024.11.10,Charlotte-Mecklenburg Animal Services,ADOPT 10R,adopt,2024-12-09
SHYLO (A1235816),Male,Plott Hound,,Dog,52 pounds,2024.11.10,Charlotte-Mecklenburg Animal Services,FOSTER,adopt,2024-12-09
KNIGHTLY (A1234837),Male,Pit Bull Terrier,,Dog,63 pounds,2024.11.10,Charlotte-Mecklenburg Animal Services,FOSTER,adopt,2024-12-09
CAPTAIN (A1232747),Male,Pit Bull Terrier,,Dog,49 pounds,2024.11.10,Charlotte-Mecklenburg Animal Services,ADOPT 12L,adopt,2024-12-09
SONIC (A1236321),Male,Breed information is not provided by this shelter,,Dog,15 pounds,2024.11.10,Charlotte-Mecklenburg Animal Services,FOSTER,adopt,2024-12-09
DINERO (A1236326),Male,American Staffordshire Terrier,,Dog,45 pounds,2024.11.10,Charlotte-Mecklenburg Animal Services,ADOPT 16R,adopt,2024-12-09
HUGH (A1236340),Male,Pit Bull Terrier,,Dog,91 pounds,2024.11.10,Charlotte-Mecklenburg Animal Services,ADOPT 21L,adopt,2024-12-09
PATCHES (A1233721),Male,American Pit Bull Terrier,,Dog,56 pounds,2024.11.09,Charlotte-Mecklenburg Animal Services,FOSTER,adopt,2024-12-09
DURANGO (A1229244),Male,Pit Bull Terrier and Dalmatian,,Dog,65 pounds,2024.11.09,Charlotte-Mecklenburg Animal Services,FOSTER,adopt,2024-12-09
GRANT (A1236197),Male,German Shepherd Dog,,Dog,63 pounds,2024.11.07,Charlotte-Mecklenburg Animal Services,TOOMEYD31,adopt,2024-12-09
KRYPTO (A1236062),Male,Rottweiler,,Dog,59 pounds,2024.11.07,Charlotte-Mecklenburg Animal Services,FOSTER,adopt,2024-12-09
NALA (A5436091),Female,Labrador Retriever,,Dog,58 pounds,2024.11.07,Charlotte-Mecklenburg Animal Services,FOSTER,adopt,2024-12-09
GHOST (A1236177),Male,Pit Bull Terrier,,Dog,62 pounds,2024.11.06,Charlotte-Mecklenburg Animal Services,FOSTER,adopt,2024-12-09
PIXIE (A1236183),Female,Breed information is not provided by this shelter,,Dog,35 pounds,2024.11.06,Charlotte-Mecklenburg Animal Services,FOSTER,adopt,2024-12-09
GRACIE (A1233510),Female,American Staffordshire Terrier,,Dog,47 pounds,2024.11.06,Charlotte-Mecklenburg Animal Services,FOSTER,adopt,2024-12-09
DRIZZY (A1224997),Female,Pointer mix,,Dog,37 pounds,2024.11.05,Charlotte-Mecklenburg Animal Services,FOSTER,adopt,2024-12-09
BUDDY (A1236117),Male,Pit Bull Terrier,,Dog,62 pounds,2024.11.05,Charlotte-Mecklenburg Animal Services,ADOPT 06R,adopt,2024-12-09
NOBARA (A1226234),Female,Pit Bull Terrier,,Dog,56 pounds,2024.11.04,Charlotte-Mecklenburg Animal Services,FOSTER,adopt,2024-12-09
MARMALADE (A1235527),Female,Labrador Retriever mix,,Dog,45 pounds,2024.11.04,Charlotte-Mecklenburg Animal Services,FOSTER,adopt,2024-12-09
JACK (A1228682),Male,Pit Bull Terrier mix,,Dog,50 pounds,2024.11.03,Charlotte-Mecklenburg Animal Services,FOSTER,adopt,2024-12-09
JAMES (A1230515),Male,Pit Bull Terrier,,Dog,53 pounds,2024.11.03,Charlotte-Mecklenburg Animal Services,FOSTER,adopt,2024-12-09
KARMA (A1175481),Female,Pit Bull Terrier,,Dog,26 pounds,2024.11.03,Charlotte-Mecklenburg Animal Services,FOSTER,adopt,2024-12-09
MADDOX (A1201523),Male,Pit Bull Terrier,,Dog,37 pounds,2024.11.03,Charlotte-Mecklenburg Animal Services,ADOPT 18L,adopt,2024-12-09
VANILLA (A1190749),Male,Labrador Retriever,,Dog,71 pounds,2024.11.03,Charlotte-Mecklenburg Animal Services,FOSTER,adopt,2024-12-09
GARTH (A1236058),Male,Pit Bull Terrier,,Dog,58 pounds,2024.11.03,Charlotte-Mecklenburg Animal Services,FOSTER,adopt,2024-12-09
MARK (A1236061),Male,Chihuahua - Smooth Coated mix,,Dog,20 pounds,2024.11.03,Charlotte-Mecklenburg Animal Services,FOSTER,adopt,2024-12-09
MIRROR (A1234653),Female,Australian Shepherd,,Dog,47 pounds,2024.11.02,Charlotte-Mecklenburg Animal Services,FOSTER,adopt,2024-12-09
GOOSE (A1235999),Male,Pit Bull Terrier mix,,Dog,47 pounds,2024.11.01,Charlotte-Mecklenburg Animal Services,FOSTER,adopt,2024-12-09
TULIP (A1235149),Female,Pit Bull Terrier,,Dog,38 pounds,2024.10.31,Charlotte-Mecklenburg Animal Services,FOSTER,adopt,2024-12-09
BLUEBERRY (A1235948),Female,Pit Bull Terrier,,Dog,50 pounds,2024.10.31,Charlotte-Mecklenburg Animal Services,ADOPT 15L,adopt,2024-12-09
CARDI (A1235962),Male,Staffordshire Bull Terrier,,Dog,65 pounds,2024.10.31,Charlotte-Mecklenburg Animal Services,ADOPT 11L,adopt,2024-12-09
GAVIN (A1230786),Male,Pit Bull Terrier mix,,Dog,69 pounds,2024.10.29,Charlotte-Mecklenburg Animal Services,FOSTER,adopt,2024-12-09
AMITY (A1235076),Female,Siberian Husky mix,,Dog,45 pounds,2024.10.28,Charlotte-Mecklenburg Animal Services,FOSTER,adopt,2024-12-09
BENSON (A1235813),Male,Pit Bull Terrier,,Dog,60 pounds,2024.10.27,Charlotte-Mecklenburg Animal Services,FOSTER,adopt,2024-12-09
MILO (A1235364),Male,Labrador Retriever,,Dog,67 pounds,2024.10.27,Charlotte-Mecklenburg Animal Services,FOSTER,adopt,2024-12-09
KAINE (A1228289),Male,Pit Bull Terrier mix,,Dog,47 pounds,2024.10.26,Charlotte-Mecklenburg Animal Services,FOSTER,adopt,2024-12-09
PRINCESS (A1113586),Female,Breed information is not provided by this shelter,,Dog,53 pounds,2024.10.26,Charlotte-Mecklenburg Animal Services,FOSTER,adopt,2024-12-09
CHERRY (A5205917),Female,Pit Bull Terrier,,Dog,50 pounds,2024.10.26,Charlotte-Mecklenburg Animal Services,TOOMEYD32,adopt,2024-12-09
GRACIE (A1164402),Female,Pit Bull Terrier,,Dog,64 pounds,2024.10.25,Charlotte-Mecklenburg Animal Services,FOSTER,adopt,2024-12-09
STORM (A1192144),Female,Pit Bull Terrier,,Dog,63 pounds,2024.10.24,Charlotte-Mecklenburg Animal Services,FOSTER,adopt,2024-12-09
GILLIGAN (A1235626),Male,Labrador Retriever mix,,Dog,45 pounds,2024.10.24,Charlotte-Mecklenburg Animal Services,TOOMEYD11,adopt,2024-12-09
DUSTY (A1235669),Male,Labrador Retriever,,Dog,36 pounds,2024.10.24,Charlotte-Mecklenburg Animal Services,FOSTER,adopt,2024-12-09
EMILY (A1235598),Female,Pit Bull Terrier,,Dog,51 pounds,2024.10.23,Charlotte-Mecklenburg Animal Services,TOOMEYD29,adopt,2024-12-09
SWEETIE (A1235534),Female,Breed information is not provided by this shelter mix,,Dog,58 pounds,2024.10.23,Charlotte-Mecklenburg Animal Services,FOSTER,adopt,2024-12-09
BLUE (A5106714),Male,Pit Bull Terrier,,Dog,50 pounds,2024.10.23,Charlotte-Mecklenburg Animal Services,FOSTER,adopt,2024-12-09
A1235458,Male,Siberian Husky mix,,Dog,51 pounds,2024.10.22,Charlotte-Mecklenburg Animal Services,FOSTER,adopt,2024-12-09
DONUT (A1232163),Female,Boxer mix,,Dog,50 pounds,2024.10.21,Charlotte-Mecklenburg Animal Services,FOSTER,adopt,2024-12-09
TOBY (A1235402),Male,Breed information is not provided by this shelter,,Dog,13 pounds,2024.10.20,Charlotte-Mecklenburg Animal Services,FOSTER,adopt,2024-12-09
CLYDE (A1235302),Male,Border Collie mix,,Dog,47 pounds,2024.10.18,Charlotte-Mecklenburg Animal Services,FOSTER,adopt,2024-12-09
FRACK (A1231360),Male,Breed information is not provided by this shelter,,Dog,56 pounds,2024.10.18,Charlotte-Mecklenburg Animal Services,FOSTER,adopt,2024-12-09
MILO (A1234534),Male,Pit Bull Terrier and Weimaraner,,Dog,40 pounds,2024.10.17,Charlotte-Mecklenburg Animal Services,TOOMEYD14,adopt,2024-12-09
BLUE (A1234795),Female,Pit Bull Terrier,,Dog,40 pounds,2024.10.17,Charlotte-Mecklenburg Animal Services,FOSTER,adopt,2024-12-09
ONYX (A1234896),Male,Pit Bull Terrier mix,,Dog,21 pounds,2024.10.17,Charlotte-Mecklenburg Animal Services,FOSTER,adopt,2024-12-09
LILLITH (A1231145),Female,Pit Bull Terrier,,Dog,28 pounds,2024.10.17,Charlotte-Mecklenburg Animal Services,FOSTER,adopt,2024-12-09
GULLIVER (A1235187),Male,Pit Bull Terrier mix,,Dog,50 pounds,2024.10.16,Charlotte-Mecklenburg Animal Services,FOSTER,adopt,2024-12-09
KODA (A1233551),Male,Boxer,,Dog,50 pounds,2024.10.15,Charlotte-Mecklenburg Animal Services,FOSTER,adopt,2024-12-09
WILMA (A1235082),Female,German Shepherd Dog mix,,Dog,32 pounds,2024.10.14,Charlotte-Mecklenburg Animal Services,FOSTER,adopt,2024-12-09
JANIE (A1230010),Female,Pit Bull Terrier mix,,Dog,53 pounds,2024.10.13,Charlotte-Mecklenburg Animal Services,FOSTER,adopt,2024-12-09
KALI (A1093898),Female,Siberian Husky and Labrador Retriever,,Dog,59 pounds,2024.10.13,Charlotte-Mecklenburg Animal Services,FOSTER,adopt,2024-12-09
BIGGIE (A1231106),Male,Poodle - Standard,,Dog,53 pounds,2024.10.11,Charlotte-Mecklenburg Animal Services,FOSTER,adopt,2024-12-09
BENTLY (A1234957),Male,Breed information is not provided by this shelter,,Dog,74 pounds,2024.10.11,Charlotte-Mecklenburg Animal Services,FOSTER,adopt,2024-12-09
ANGEL (A1233359),Female,Pit Bull Terrier,,Dog,29 pounds,2024.10.10,Charlotte-Mecklenburg Animal Services,FOSTER,adopt,2024-12-09
SPYRO (A1234834),Male,Pit Bull Terrier,,Dog,60 pounds,2024.10.08,Charlotte-Mecklenburg Animal Services,DOGNCARE 2,adopt,2024-12-09
TUCKER (A1234496),Male,Pit Bull Terrier,,Dog,42 pounds,2024.10.08,Charlotte-Mecklenburg Animal Services,FOSTER,adopt,2024-12-09
SNUBBULL (A1232901),Male,Pit Bull Terrier,,Dog,62 pounds,2024.10.07,Charlotte-Mecklenburg Animal Services,FOSTER,adopt,2024-12-09
GEORGE (A1233800),Male,Labrador Retriever,,Dog,66 pounds,2024.10.07,Charlotte-Mecklenburg Animal Services,FOSTER,adopt,2024-12-09
RUBI (A1234244),Female,Labrador Retriever,,Dog,34 pounds,2024.10.06,Charlotte-Mecklenburg Animal Services,FOSTER,adopt,2024-12-09
HURLEY (A1227451),Male,German Shepherd Dog mix,,Dog,48 pounds,2024.10.05,Charlotte-Mecklenburg Animal Services,FOSTER,adopt,2024-12-09
DIAMOND (A1048746),Female,Pit Bull Terrier,,Dog,60 pounds,2024.10.04,Charlotte-Mecklenburg Animal Services,FOSTER,adopt,2024-12-09
SNICKERS (A1234671),Male,German Shepherd Dog,,Dog,65 pounds,2024.10.04,Charlotte-Mecklenburg Animal Services,FOSTER,adopt,2024-12-09
SIMON (A1233885),Male,Pit Bull Terrier mix,,Dog,57 pounds,2024.10.03,Charlotte-Mecklenburg Animal Services,FOSTER,adopt,2024-12-09
CARTER (A1232323),Male,Australian Cattle Dog mix,,Dog,50 pounds,2024.10.03,Charlotte-Mecklenburg Animal Services,FOSTER,adopt,2024-12-09
SIMONE (A1231499),Female,Pit Bull Terrier,,Dog,45 pounds,2024.10.01,Charlotte-Mecklenburg Animal Services,FOSTER,adopt,2024-12-09
BRIE (A1234232),Female,Australian Cattle Dog mix,,Dog,45 pounds,2024.10.01,Charlotte-Mecklenburg Animal Services,FOSTER,adopt,2024-12-09
SOX (A1234444),Female,Pit Bull Terrier,,Dog,53 pounds,2024.09.30,Charlotte-Mecklenburg Animal Services,FOSTER,adopt,2024-12-09
MARLEY (A1234329),Female,Labrador Retriever,,Dog,55 pounds,2024.09.26,Charlotte-Mecklenburg Animal Services,FOSTER,adopt,2024-12-09
HAL (A1231978),Male,Border Collie and Siberian Husky,,Dog,51 pounds,2024.09.25,Charlotte-Mecklenburg Animal Services,FOSTER,adopt,2024-12-09
LOLITA (A1130071),Female,Border Collie mix,,Dog,38 pounds,2024.09.24,Charlotte-Mecklenburg Animal Services,FOSTER,adopt,2024-12-09
LEON (A1231837),Male,Boxer mix,,Dog,49 pounds,2024.09.22,Charlotte-Mecklenburg Animal Services,FOSTER,adopt,2024-12-09
HARPER (A1232750),Female,Pit Bull Terrier,,Dog,44 pounds,2024.09.21,Charlotte-Mecklenburg Animal Services,FOSTER,adopt,2024-12-09
MILLIE (A1229596),Female,Pit Bull Terrier mix,,Dog,40 pounds,2024.09.20,Charlotte-Mecklenburg Animal Services,FOSTER,adopt,2024-12-09
EUGENE (A1232500),Male,Pit Bull Terrier,,Dog,60 pounds,2024.09.20,Charlotte-Mecklenburg Animal Services,FOSTER,adopt,2024-12-09
SKYE (A1234032),Male,Alaskan Malamute,,Dog,76 pounds,2024.09.19,Charlotte-Mecklenburg Animal Services,FOSTER,adopt,2024-12-09
VIENNA (A1231304),Female,Pit Bull Terrier,,Dog,60 pounds,2024.09.18,Charlotte-Mecklenburg Animal Services,FOSTER,adopt,2024-12-09
ZAP (A1233834),Male,Pit Bull Terrier,,Dog,44 pounds,2024.09.16,Charlotte-Mecklenburg Animal Services,FOSTER,adopt,2024-12-09
LANDON (A1233785),Male,Pit Bull Terrier,,Dog,45 pounds,2024.09.15,Charlotte-Mecklenburg Animal Services,FOSTER,adopt,2024-12-09
LEON (A1232349),Male,Rottweiler mix,,Dog,30 pounds,2024.09.15,Charlotte-Mecklenburg Animal Services,FOSTER,adopt,2024-12-09
TEDDY (A1229979),Male,Pit Bull Terrier,,Dog,62 pounds,2024.09.12,Charlotte-Mecklenburg Animal Services,FOSTER,adopt,2024-12-09
ACE (A1233621),Male,Breed information is not provided by this shelter,,Dog,38 pounds,2024.09.11,Charlotte-Mecklenburg Animal Services,FOSTER,adopt,2024-12-09
AUGGIE (A1231305),Male,Siberian Husky,,Dog,38 pounds,2024.09.08,Charlotte-Mecklenburg Animal Services,FOSTER,adopt,2024-12-09
GERMANY (A1230642),Female,Pit Bull Terrier,,Dog,51 pounds,2024.09.07,Charlotte-Mecklenburg Animal Services,FOSTER,adopt,2024-12-09
EMMETT (A1229456),Male,American Bulldog mix,,Dog,50 pounds,2024.09.06,Charlotte-Mecklenburg Animal Services,FOSTER,adopt,2024-12-09
BRUNO (A1227917),Male,Breed information is not provided by this shelter,,Dog,47 pounds,2024.09.03,Charlotte-Mecklenburg Animal Services,FOSTER,adopt,2024-12-09
ARCHIE (A1231983),Male,Pit Bull Terrier,,Dog,45 pounds,2024.09.03,Charlotte-Mecklenburg Animal Services,FOSTER,adopt,2024-12-09
KOKO (A1232495),Female,Breed information is not provided by this shelter mix,,Dog,27 pounds,2024.09.03,Charlotte-Mecklenburg Animal Services,FOSTER,adopt,2024-12-09
VERA (A1233136),Female,Pit Bull Terrier,,Dog,50 pounds,2024.09.02,Charlotte-Mecklenburg Animal Services,FOSTER,adopt,2024-12-09
GEMMA (A1233145),Female,Pit Bull Terrier mix,,Dog,42 pounds,2024.09.02,Charlotte-Mecklenburg Animal Services,FOSTER,adopt,2024-12-09
COOKIE (A1222982),Female,Pit Bull Terrier,,Dog,59 pounds,2024.09.02,Charlotte-Mecklenburg Animal Services,FOSTER,adopt,2024-12-09
SAPPHIRE (A1230401),Female,Pit Bull Terrier,,Dog,47 pounds,2024.09.01,Charlotte-Mecklenburg Animal Services,FOSTER,adopt,2024-12-09
MICK (A1225412),Male,Labrador Retriever mix,,Dog,56 pounds,2024.08.30,Charlotte-Mecklenburg Animal Services,FOSTER,adopt,2024-12-09
ERNIE (A1232267),Male,Pit Bull Terrier,,Dog,16 pounds,2024.08.29,Charlotte-Mecklenburg Animal Services,FOSTER,adopt,2024-12-09
ATLAN (A1232762),Male,Pit Bull Terrier,,Dog,52 pounds,2024.08.25,Charlotte-Mecklenburg Animal Services,FOSTER,adopt,2024-12-09
PUDDING POP (A1232081),Male,Pit Bull Terrier mix,,Dog,64 pounds,2024.08.25,Charlotte-Mecklenburg Animal Services,FOSTER,adopt,2024-12-09
LAYKA (A1232596),Female,Pit Bull Terrier,,Dog,51 pounds,2024.08.23,Charlotte-Mecklenburg Animal Services,FOSTER,adopt,2024-12-09
INDY (A1207529),Male,American Bulldog and American Staffordshire Terrier,,Dog,51 pounds,2024.08.22,Charlotte-Mecklenburg Animal Services,FOSTER,adopt,2024-12-09
CHEWY (A1078690),Male,Pit Bull Terrier mix,,Dog,84 pounds,2024.08.20,Charlotte-Mecklenburg Animal Services,FOSTER,adopt,2024-12-09
CANELA (A1000619),Female,Pit Bull Terrier mix,,Dog,50 pounds,2024.08.18,Charlotte-Mecklenburg Animal Services,FOSTER,adopt,2024-12-09
ROCKY (A1230852),Male,Pit Bull Terrier mix,,Dog,53 pounds,2024.08.18,Charlotte-Mecklenburg Animal Services,FOSTER,adopt,2024-12-09
LYLA (A1225926),Female,Labrador Retriever,,Dog,32 pounds,2024.08.18,Charlotte-Mecklenburg Animal Services,FOSTER,adopt,2024-12-09
STANLEY (A1221804),Male,Pit Bull Terrier mix,,Dog,50 pounds,2024.08.15,Charlotte-Mecklenburg Animal Services,FOSTER,adopt,2024-12-09
MILKSHAKE (A1232137),Male,Pit Bull Terrier,,Dog,40 pounds,2024.08.14,Charlotte-Mecklenburg Animal Services,FOSTER,adopt,2024-12-09
SALVADOR (A1231854),Male,German Shepherd Dog,,Dog,52 pounds,2024.08.13,Charlotte-Mecklenburg Animal Services,FOSTER,adopt,2024-12-09
A1231930,Male,Labrador Retriever,,Dog,27 pounds,2024.08.10,Charlotte-Mecklenburg Animal Services,FOSTER,adopt,2024-12-09
RAYNE (A1217502),Female,Pit Bull Terrier,,Dog,63 pounds,2024.08.09,Charlotte-Mecklenburg Animal Services,FOSTER,adopt,2024-12-09
ELLA JANE (A1225723),Female,Pit Bull Terrier mix,,Dog,50 pounds,2024.08.06,Charlotte-Mecklenburg Animal Services,FOSTER,adopt,2024-12-09
OSO (A1229867),Male,Pit Bull Terrier,,Dog,69 pounds,2024.08.05,Charlotte-Mecklenburg Animal Services,FOSTER,adopt,2024-12-09
ABRAHAM (A1185782),Male,Black Mouth Cur mix,,Dog,58 pounds,2024.08.05,Charlotte-Mecklenburg Animal Services,FOSTER,adopt,2024-12-09
GARTH (A1230553),Male,Pit Bull Terrier,,Dog,43 pounds,2024.07.29,Charlotte-Mecklenburg Animal Services,FOSTER,adopt,2024-12-09
ORION (A1231159),Male,Pit Bull Terrier,,Dog,55 pounds,2024.07.27,Charlotte-Mecklenburg Animal Services,FOSTER,adopt,2024-12-09
PRINCESS (A1164401),Female,Pit Bull Terrier,,Dog,61 pounds,2024.07.25,Charlotte-Mecklenburg Animal Services,FOSTER,adopt,2024-12-09
DELLA (A1230524),Female,Pit Bull Terrier mix,,Dog,29 pounds,2024.07.24,Charlotte-Mecklenburg Animal Services,FOSTER,adopt,2024-12-09
REGGIE (A1212359),Male,Pit Bull Terrier,,Dog,64 pounds,2024.07.21,Charlotte-Mecklenburg Animal Services,FOSTER,adopt,2024-12-09
ROCCO (A1217947),Male,Pit Bull Terrier mix,,Dog,47 pounds,2024.07.13,Charlotte-Mecklenburg Animal Services,FOSTER,adopt,2024-12-09
CHARLIE (A1178219),Male,Boxer mix,,Dog,50 pounds,2024.07.13,Charlotte-Mecklenburg Animal Services,FOSTER,adopt,2024-12-09
SCOTTIE (A1230237),Male,Boxer,,Dog,54 pounds,2024.07.09,Charlotte-Mecklenburg Animal Services,FOSTER,adopt,2024-12-09
LAILA (A1222988),Female,Border Collie and Pointer,,Dog,43 pounds,2024.07.09,Charlotte-Mecklenburg Animal Services,FOSTER,adopt,2024-12-09
KING (A1228259),Male,Pit Bull Terrier,,Dog,62 pounds,2024.07.03,Charlotte-Mecklenburg Animal Services,FOSTER,adopt,2024-12-09
DAKOTA (A1223522),Male,Pit Bull Terrier,,Dog,57 pounds,2024.06.29,Charlotte-Mecklenburg Animal Services,FOSTER,adopt,2024-12-09
PERSEPHONE (A1206441),Female,Pit Bull Terrier,,Dog,40 pounds,2024.06.25,Charlotte-Mecklenburg Animal Services,FOSTER,adopt,2024-12-09
RAMONA (A1226936),Female,Australian Shepherd mix,,Dog,41 pounds,2024.06.25,Charlotte-Mecklenburg Animal Services,FOSTER,adopt,2024-12-09
ROCKET (A1215856),Male,Boxer and Pit Bull Terrier,,Dog,50 pounds,2024.06.14,Charlotte-Mecklenburg Animal Services,FOSTER,adopt,2024-12-09
TAYA (A1228266),Female,Pit Bull Terrier mix,,Dog,50 pounds,2024.06.03,Charlotte-Mecklenburg Animal Services,FOSTER,adopt,2024-12-09
PATRICK (A1224972),Male,Pit Bull Terrier,,Dog,57 pounds,2024.05.29,Charlotte-Mecklenburg Animal Services,FOSTER,adopt,2024-12-09
FERRIS (A1217384),Male,Labrador Retriever mix,,Dog,63 pounds,2024.05.22,Charlotte-Mecklenburg Animal Services,FOSTER,adopt,2024-12-09
BAILEY (A1212093),Female,Staffordshire Bull Terrier,,Dog,49 pounds,2024.05.17,Charlotte-Mecklenburg Animal Services,FOSTER,adopt,2024-12-09
LOVE (A1200949),Female,Pit Bull Terrier,,Dog,56 pounds,2024.05.17,Charlotte-Mecklenburg Animal Services,FOSTER,adopt,2024-12-09
BRODI (A1159397),Male,Boxer and Staffordshire Bull Terrier,,Dog,55 pounds,2024.05.16,Charlotte-Mecklenburg Animal Services,FOSTER,adopt,2024-12-09
MARLOWE (A1227246),Female,Pit Bull Terrier,,Dog,48 pounds,2024.05.14,Charlotte-Mecklenburg Animal Services,FOSTER,adopt,2024-12-09
EMMA (A1072736),Female,Labrador Retriever,,Dog,67 pounds,2024.05.13,Charlotte-Mecklenburg Animal Services,FOSTER,adopt,2024-12-09
DREIDEL (A1220127),Male,Great Dane and Labrador Retriever,,Dog,76 pounds,2024.05.10,Charlotte-Mecklenburg Animal Services,FOSTER,adopt,2024-12-09
MARTY (A1226897),Male,Vizsla mix,,Dog,53 pounds,2024.05.08,Charlotte-Mecklenburg Animal Services,FOSTER,adopt,2024-12-09
BENNY (A5291214),Male,Bouvier des Flandres mix,,Dog,69 pounds,2024.05.07,Charlotte-Mecklenburg Animal Services,FOSTER,adopt,2024-12-09
WAFFLES (A1211685),Male,Pit Bull Terrier,,Dog,61 pounds,2024.05.05,Charlotte-Mecklenburg Animal Services,FOSTER,adopt,2024-12-09
GENESIS (A1211686),Female,Pit Bull Terrier mix,,Dog,101 pounds,2024.05.05,Charlotte-Mecklenburg Animal Services,FOSTER,adopt,2024-12-09
MAJOR (A1225943),Male,Pit Bull Terrier,,Dog,53 pounds,2024.04.30,Charlotte-Mecklenburg Animal Services,FOSTER,adopt,2024-12-09
MACY (A1187946),Female,Pit Bull Terrier,,Dog,45 pounds,2024.04.27,Charlotte-Mecklenburg Animal Services,FOSTER,adopt,2024-12-09
BELLA (A1225520),Female,Pit Bull Terrier mix,,Dog,48 pounds,2024.04.16,Charlotte-Mecklenburg Animal Services,FOSTER,adopt,2024-12-09
HERBERT (A1222733),Male,Boxer mix,,Dog,51 pounds,2024.04.07,Charlotte-Mecklenburg Animal Services,FOSTER,adopt,2024-12-09
HAZEL (A1213964),Female,Breed information is not provided by this shelter and Black Mouth Cur,,Dog,44 pounds,2024.03.28,Charlotte-Mecklenburg Animal Services,FOSTER,adopt,2024-12-09
JIMMY (A1224502),Male,Breed information is not provided by this shelter,,Dog,35 pounds,2024.03.23,Charlotte-Mecklenburg Animal Services,FOSTER,adopt,2024-12-09
DEWEY (A1224279),Male,Pit Bull Terrier,,Dog,42 pounds,2024.03.11,Charlotte-Mecklenburg Animal Services,FOSTER,adopt,2024-12-09
TOMMY (A1224053),Male,Chow Chow mix,,Dog,59 pounds,2024.03.10,Charlotte-Mecklenburg Animal Services,FOSTER,adopt,2024-12-09
BIRDIE (A1222987),Female,Pit Bull Terrier,,Dog,48 pounds,2024.03.07,Charlotte-Mecklenburg Animal Services,FOSTER,adopt,2024-12-09
STERLING (A1222756),Female,Pit Bull Terrier,,Dog,52 pounds,2024.02.23,Charlotte-Mecklenburg Animal Services,FOSTER,adopt,2024-12-09
GLENDA (A1216814),Female,Pit Bull Terrier,,Dog,59 pounds,2024.02.16,Charlotte-Mecklenburg Animal Services,FOSTER,adopt,2024-12-09
GENNY (A5314025),Female,Breed information is not provided by this shelter,,Dog,49 pounds,2024.02.01,Charlotte-Mecklenburg Animal Services,FOSTER,adopt,2024-12-09
MR. BOJANGLES (A1222215),Male,Pit Bull Terrier mix,,Dog,57 pounds,2024.01.20,Charlotte-Mecklenburg Animal Services,FOSTER,adopt,2024-12-09
RANDY (A1221246),Male,Pit Bull Terrier,,Dog,53 pounds,2024.01.14,Charlotte-Mecklenburg Animal Services,FOSTER,adopt,2024-12-09
POCKY (A1216201),Female,Pit Bull Terrier,,Dog,55 pounds,2023.08.29,Charlotte-Mecklenburg Animal Services,FOSTER,adopt,2024-12-09
